date,rainfall_mm,temp_mean_c,temp_max_c,temp_min_c,usd_lkr_rate,tourist_arrivals
2023-01-09,21.08,25.08142857142857,28.40142857142857,22.419999999999998,363.798,21714
2023-01-16,22.25,24.368571428571432,28.197142857142858,21.104285714285712,363.26599999999996,23769
2023-01-23,13.43,24.564285714285713,28.064285714285713,21.735714285714288,363.442,24635
2023-01-30,30.209999999999997,25.011428571428574,28.344285714285714,22.20285714285714,363.77200000000005,23374
2023-02-06,38.14,25.35571428571429,27.93857142857143,23.444285714285716,363.476,25853
2023-02-13,8.43,25.35571428571429,29.30857142857143,22.025714285714287,363.086,28568
2023-02-20,34.089999999999996,25.072857142857142,29.49285714285714,21.34857142857143,363.032,27093
2023-02-27,11.73,25.631428571428575,29.821428571428573,21.807142857142857,362.334,26237
2023-03-06,18.51,26.472857142857144,30.181428571428572,23.307142857142857,351.128,27425
2023-03-13,30.310000000000002,26.795714285714286,30.14428571428571,23.97,323.64,29475
2023-03-20,41.839999999999996,27.252857142857142,29.91857142857143,24.85571428571429,334.582,27488
2023-03-27,45.87,27.41,30.21142857142857,25.085714285714285,321.776,28739
2023-04-03,28.009999999999998,27.53142857142857,30.381428571428568,25.108571428571427,324.77,27911
2023-04-10,62.31,27.66714285714286,30.622857142857146,24.985714285714288,321.74,23563
2023-04-17,18.0,27.91142857142857,30.667142857142856,25.367142857142856,320.37,23701
2023-04-24,22.13,28.165714285714284,30.434285714285714,26.25857142857143,320.198,24346
2023-05-01,138.9,27.864285714285717,30.517142857142858,25.65857142857143,320.408,24890
2023-05-08,116.7,27.03,28.774285714285718,25.717142857142857,319.066,17919
2023-05-15,45.300000000000004,27.68,29.34714285714286,26.41142857142857,314.86199999999997,17565
2023-05-22,26.85,27.650000000000002,29.46142857142857,26.3,308.334,21133
2023-05-29,7.4799999999999995,27.63,29.645714285714288,26.09714285714286,303.174,18565
2023-06-05,48.59,27.509999999999998,29.094285714285714,26.22714285714286,292.71799999999996,18855
2023-06-12,39.16,27.53142857142857,28.990000000000002,26.554285714285715,293.264,20715
2023-06-19,28.38,27.23,28.674285714285713,26.145714285714288,306.544,21355
2023-06-26,26.48,27.108571428571427,28.708571428571425,25.91,307.424,27722
2023-07-03,53.87,26.527142857142856,27.837142857142858,25.534285714285716,308.51,28747
2023-07-10,44.54,26.38714285714286,28.24142857142857,25.041428571428572,308.12399999999997,29911
2023-07-17,8.8,26.72714285714286,28.517142857142858,25.359999999999996,313.746,32954
2023-07-24,17.58,26.78142857142857,28.34857142857143,25.662857142857142,321.24,34750
2023-07-31,14.29,26.697142857142858,28.635714285714283,25.322857142857142,326.512,33062
2023-08-07,2.8899999999999997,26.72142857142857,28.75714285714286,25.284285714285716,317.116,35775
2023-08-14,13.22,26.897142857142857,28.84,25.464285714285715,317.58599999999996,37890
2023-08-21,2.98,26.955714285714286,29.38,25.25714285714286,319.32800000000003,29347
2023-08-28,12.709999999999999,27.351428571428574,29.488571428571426,25.83142857142857,320.642,23576
2023-09-04,137.7,26.66,28.264285714285712,25.408571428571427,319.798,25546
2023-09-11,83.23,26.610000000000003,28.25142857142857,25.422857142857143,319.838,27380
2023-09-18,58.07,26.560000000000002,28.53142857142857,25.071428571428573,320.188,26284
2023-09-25,75.33,26.552857142857142,28.419999999999998,25.101428571428574,323.786,23104
2023-10-02,150.19,26.41714285714286,28.11285714285714,25.25142857142857,323.34000000000003,26649
2023-10-09,127.94,26.431428571428572,28.035714285714285,25.24285714285714,323.442,22515
2023-10-16,106.03,26.2,28.087142857142858,24.647142857142857,323.588,24751
2023-10-23,138.42000000000002,25.76571428571429,27.39428571428571,24.385714285714283,324.664,27076
2023-10-30,93.77,26.625714285714285,28.84,24.860000000000003,326.462,24080
2023-11-06,168.29,26.41142857142857,28.59857142857143,24.76142857142857,327.46,30071
2023-11-13,149.52,26.735714285714288,28.87,24.90857142857143,327.236,36513
2023-11-20,89.88,26.771428571428572,28.512857142857143,25.5,327.68600000000004,40379
2023-11-27,94.24000000000001,26.99857142857143,29.66857142857143,24.584285714285716,328.222,34309
2023-12-04,92.64,26.351428571428574,27.827142857142857,25.157142857142855,328.946,34569
2023-12-11,92.22,26.891428571428573,29.04,25.101428571428574,328.26599999999996,42112
2023-12-18,127.11,26.462857142857143,28.68,24.75857142857143,327.168,45065
2023-12-25,20.34,26.52857142857143,29.599999999999998,23.964285714285715,326.4,55959
2024-01-01,86.38,26.50857142857143,29.465714285714284,24.48857142857143,325.106,52352
2024-01-08,73.71000000000001,26.632857142857144,29.267142857142858,24.28857142857143,322.196,45912
2024-01-15,35.67,25.44142857142857,28.545714285714286,23.07428571428571,322.928,49538
2024-01-22,23.89,26.252857142857145,29.53857142857143,23.195714285714285,320.81800000000004,47809
2024-01-29,1.61,25.277142857142856,29.39428571428571,21.797142857142855,318.174,47218
2024-02-05,33.660000000000004,26.732857142857142,29.958571428571428,24.118571428571425,314.87800000000004,48639
2024-02-12,0.21,25.49285714285714,29.96142857142857,21.861428571428572,312.192,54834
2024-02-19,3.24,26.648571428571426,30.607142857142858,23.624285714285715,313.706,54713
2024-02-26,8.16,27.50857142857143,30.804285714285715,24.662857142857142,310.448,51949
2024-03-04,1.87,27.254285714285714,31.054285714285715,24.12,309.48400000000004,48870
2024-03-11,3.5300000000000002,27.49142857142857,31.169999999999998,24.051428571428573,306.716,44672
2024-03-18,2.33,27.695714285714285,31.18857142857143,24.458571428571428,305.38800000000003,45693
2024-03-25,37.31,28.34142857142857,31.96,25.3,303.61199999999997,50677
2024-04-01,20.62,28.478571428571428,31.681428571428572,25.63714285714286,301.23199999999997,44711
2024-04-08,30.3,28.86285714285714,31.942857142857143,26.601428571428574,300.202,39781
2024-04-15,49.03,28.915714285714284,32.62714285714286,25.904285714285713,299.652,37387
2024-04-22,27.5,28.812857142857144,31.505714285714284,26.860000000000003,301.192,29630
2024-04-29,37.21,28.885714285714283,31.554285714285715,26.834285714285716,298.238,32652
2024-05-06,27.990000000000002,29.012857142857143,31.22,27.264285714285712,296.46799999999996,29744
2024-05-13,73.2,28.34857142857143,30.555714285714288,26.767142857142858,298.596,23477
2024-05-20,127.48,27.81857142857143,29.368571428571432,26.66142857142857,300.37,27179
2024-05-27,81.77,27.954285714285714,29.349999999999998,27.037142857142857,300.752,23684
2024-06-03,85.71000000000001,27.344285714285714,28.804285714285715,26.307142857142857,302.004,21983
2024-06-10,28.49,27.3,28.944285714285716,26.204285714285714,302.59000000000003,22532
2024-06-17,9.69,27.465714285714284,29.10571428571429,26.244285714285716,303.852,30195
2024-06-24,40.74,27.204285714285714,28.768571428571427,26.085714285714285,304.81,25512
2024-07-01,22.59,26.995714285714286,28.669999999999998,25.59857142857143,305.36199999999997,30481
2024-07-08,36.68,26.888571428571428,28.737142857142857,25.455714285714286,304.164,45005
2024-07-15,26.4,27.082857142857144,28.835714285714285,25.641428571428573,303.56,41473
2024-07-22,12.15,26.948571428571427,28.84857142857143,25.55857142857143,304.038,42972
2024-07-29,20.83,27.087142857142858,28.98,25.704285714285714,303.742,42716
2024-08-05,28.54,26.73428571428571,28.577142857142857,25.25142857142857,302.748,43884
2024-08-12,24.48,26.75857142857143,28.66857142857143,25.34142857142857,301.27200000000005,45848
2024-08-19,80.16,26.81142857142857,28.291428571428572,25.729999999999997,298.496,38600
2024-08-26,32.65,26.56142857142857,28.617142857142856,25.015714285714285,299.38,29298
2024-09-02,34.21,26.888571428571428,28.59714285714286,25.527142857142856,299.834,25668
2024-09-09,25.19,27.018571428571427,28.564285714285713,25.935714285714287,298.696,29001
2024-09-16,17.7,27.064285714285713,28.885714285714283,25.627142857142854,300.284,29633
2024-09-23,5.88,27.2,29.18,25.885714285714283,303.47200000000004,25825
2024-09-30,36.47,27.38714285714286,29.80142857142857,25.535714285714285,300.604,29501
2024-10-07,50.45,26.815714285714286,28.787142857142857,25.292857142857144,295.504,29814
2024-10-14,99.31,26.014285714285712,27.545714285714286,24.915714285714284,293.36,30103
2024-10-21,22.97,26.852857142857143,28.71142857142857,25.367142857142856,293.37399999999997,30751
2024-10-28,43.74,26.88714285714286,28.481428571428573,25.701428571428572,293.444,31076
2024-11-04,80.62,26.844285714285714,28.864285714285717,25.31,293.156,39671
2024-11-11,54.13,26.695714285714285,29.035714285714285,24.648571428571426,292.114,43499
2024-11-18,73.83,27.287142857142857,29.86285714285714,25.138571428571428,292.19,40525
2024-11-25,92.78,26.437142857142856,28.321428571428573,24.884285714285713,290.748,42189
2024-12-02,57.51,26.21142857142857,27.618571428571425,25.085714285714285,290.71000000000004,46016
2024-12-09,12.22,26.580000000000002,29.314285714285713,24.06714285714286,290.02599999999995,39715
2024-12-16,72.75999999999999,26.29,28.638571428571428,24.34142857142857,290.196,52246
2024-12-23,22.58,26.50857142857143,28.49142857142857,24.974285714285713,292.086,67127
2024-12-30,8.76,26.39428571428571,29.314285714285717,23.694285714285716,294.4775,69320
2025-01-06,26.89,25.669999999999998,28.868571428571432,23.271428571428572,293.256,54084
2025-01-13,34.949999999999996,26.005714285714284,28.995714285714286,23.65285714285714,294.634,57245
2025-01-20,57.68,25.38714285714286,27.759999999999998,23.54,294.91999999999996,57545
2025-01-27,20.900000000000002,25.27857142857143,28.36285714285714,22.897142857142857,296.786,59335
2025-02-03,31.939999999999998,25.68857142857143,28.818571428571428,22.881428571428575,296.82800000000003,59326
2025-02-10,0.68,25.312857142857144,29.462857142857143,21.599999999999998,298.22200000000004,60806
2025-02-17,0.22,25.84714285714286,30.154285714285713,21.862857142857145,295.902,62157
2025-02-24,0.48,26.46142857142857,30.715714285714284,22.584285714285716,295.422,61705
2025-03-03,137.67,26.997142857142855,30.06,24.665714285714284,295.504,51609
2025-03-10,6.55,26.694285714285716,30.321428571428573,23.20285714285714,294.95,53659
2025-03-17,87.4,27.148571428571426,29.784285714285716,24.60571428571429,295.52000000000004,51396
2025-03-24,31.41,27.88,31.155714285714286,24.912857142857142,296.172,50091
2025-03-31,37.910000000000004,27.672857142857143,30.38714285714286,25.101428571428574,296.212,49923
2025-04-07,121.98,27.335714285714285,29.425714285714285,25.61428571428571,296.24,44908
2025-04-14,49.01,27.391428571428573,29.002857142857145,26.171428571428574,298.15,44156
2025-04-21,26.29,27.565714285714286,29.372857142857146,26.101428571428574,298.206,40085
2025-04-28,77.85,27.217142857142857,29.017142857142858,25.815714285714286,299.162,35964
2025-05-05,57.86,27.454285714285714,29.434285714285714,25.81714285714286,299.296,34263
2025-05-12,41.86,27.604285714285712,29.457142857142856,26.08285714285714,299.098,31434
2025-05-19,60.8,27.755714285714284,29.52857142857143,26.31714285714286,298.62800000000004,28290
2025-05-26,58.4,27.54,29.139999999999997,26.117142857142856,299.12,28488
2025-06-02,76.51,27.298571428571428,28.607142857142858,26.162857142857142,299.174,27589
2025-06-09,7.58,27.235714285714288,28.931428571428572,25.939999999999998,299.038,32343
2025-06-16,83.48,26.775714285714287,28.255714285714287,25.635714285714283,298.816,27541
2025-06-23,17.85,26.714285714285715,28.312857142857144,25.525714285714287,300.176,31035
2025-06-30,16.81,26.78142857142857,28.44142857142857,25.444285714285716,299.662,39672
2025-07-07,3.16,26.87,28.424285714285713,25.617142857142856,299.692,42233
2025-07-14,3.06,26.83285714285714,28.294285714285714,25.795714285714286,300.28000000000003,44262
2025-07-21,36.67,26.08142857142857,27.654285714285713,24.947142857142858,300.906,46469
2025-07-28,30.34,25.832857142857144,27.504285714285714,24.56142857142857,301.29,47683
2025-08-04,36.07,25.897142857142857,27.75142857142857,24.711428571428574,301.71999999999997,52370
2025-08-11,8.36,25.814285714285713,27.517142857142858,24.58857142857143,300.192,51314
2025-08-18,22.23,26.08857142857143,27.712857142857143,24.978571428571428,300.68,50972
2025-08-25,2.61,26.361428571428572,28.5,24.814285714285713,301.298,35714
2025-09-01,14.9,26.595714285714283,28.55,25.237142857142857,301.6,32740
2025-09-08,6.53,26.525714285714287,28.584285714285716,24.995714285714286,301.35,37153
2025-09-15,29.06,26.697142857142858,28.71142857142857,25.3,301.336,37956
2025-09-22,64.6,26.551428571428573,28.22714285714286,25.291428571428572,301.598,36051
2025-09-29,75.21,26.592857142857145,28.31714285714286,25.335714285714285,302.04200000000003,37194
2025-10-06,39.0,26.67142857142857,28.505714285714284,25.291428571428572,301.916,39384
2025-10-13,49.96,26.69142857142857,28.852857142857143,25.03142857142857,302.21999999999997,33070
2025-10-20,294.6,26.18285714285714,27.837142857142858,24.939999999999998,302.078,36373
2025-10-27,134.67,26.11285714285714,27.482857142857142,25.004285714285714,302.71999999999997,38969
2025-11-03,5.85,26.877142857142854,29.052857142857142,25.225714285714282,303.956,43526
2025-11-10,39.4,26.34,28.271428571428572,24.784285714285716,304.66400000000004,48392
2025-11-17,93.74000000000001,26.358571428571427,28.675714285714285,24.444285714285716,304.42600000000004,48298
2025-11-24,183.11,26.101428571428574,28.127142857142854,24.457142857142856,308.13199999999995,53668
2025-12-01,309.82,25.124285714285715,26.392857142857142,24.05,308.01,48086
2025-12-08,45.67,26.142857142857142,28.874285714285715,23.744285714285716,308.834,43893
2025-12-15,35.96,25.474285714285713,28.295714285714286,23.157142857142855,309.308,50114
2025-12-22,47.06,25.31,28.54,22.745714285714286,309.946,64910
2025-12-29,8.02,25.021428571428572,28.448571428571427,22.05,310.02,76140
