date,rainfall_mm,temp_mean_c,temp_max_c,temp_min_c,tourist_arrivals,usd_lkr_rate,arrivals_lag1,arrivals_lag7,arrivals_rolling7,month,day_of_week
2023-01-01,0.0,24.43,28.03,21.25,2246,363.97,,,,1,6
2023-01-02,0.0,24.39,28.06,21.24,3633,364.11,2246.0,,,1,0
2023-01-03,0.01,24.44,28.06,21.11,2982,363.98,3633.0,,,1,1
2023-01-04,0.1,24.7,28.27,21.68,2694,363.76,2982.0,,,1,2
2023-01-05,0.69,25.26,28.87,22.08,3512,363.69,2694.0,,,1,3
2023-01-06,5.38,25.35,27.86,23.41,3035,363.69,3512.0,,,1,4
2023-01-07,11.17,25.41,28.1,23.44,2773,363.69,3035.0,,,1,5
2023-01-08,3.37,25.33,28.83,22.94,2912,363.69,2773.0,2246.0,2982.1428571428573,1,6
2023-01-09,0.36,25.08,28.82,22.28,3806,363.87,2912.0,3633.0,3077.285714285714,1,0
2023-01-10,0.01,24.34,28.06,21.29,3239,363.45,3806.0,2982.0,3102.0,1,1
2023-01-11,0.0,23.43,27.67,19.61,2702,363.29,3239.0,2694.0,3138.714285714286,1,2
2023-01-12,0.0,23.29,27.49,19.68,4378,363.19,2702.0,3512.0,3139.8571428571427,1,3
2023-01-13,0.0,24.05,28.7,19.7,3321,363.18,4378.0,3035.0,3263.5714285714284,1,4
2023-01-14,0.18,24.62,28.1,21.74,2937,363.18,3321.0,2773.0,3304.4285714285716,1,5
2023-01-15,2.5,25.21,28.39,22.36,3183,363.18,2937.0,2912.0,3327.8571428571427,1,6
2023-01-16,19.56,25.64,28.97,23.35,4009,363.22,3183.0,3806.0,3366.5714285714284,1,0
2023-01-17,6.57,25.75,28.94,23.01,3253,363.69,4009.0,3239.0,3395.5714285714284,1,1
2023-01-18,0.24,24.77,28.31,21.67,3746,363.03,3253.0,2702.0,3397.5714285714284,1,2
2023-01-19,0.0,23.65,27.69,20.85,3973,363.92,3746.0,4378.0,3546.714285714286,1,3
2023-01-20,0.04,23.74,28.23,19.65,3506,364.06,3973.0,3321.0,3488.8571428571427,1,4
2023-01-21,0.41,24.21,27.67,21.35,3126,364.06,3506.0,2937.0,3515.285714285714,1,5
2023-01-22,2.78,24.6,27.88,22.47,3036,364.06,3126.0,3183.0,3542.285714285714,1,6
2023-01-23,3.39,25.23,27.73,23.15,3995,362.51,3036.0,4009.0,3521.285714285714,1,0
2023-01-24,19.24,25.5,28.46,23.04,3146,363.51,3995.0,3253.0,3519.285714285714,1,1
2023-01-25,3.49,25.31,28.96,22.28,2973,363.9,3146.0,3746.0,3504.0,1,2
2023-01-26,2.6,25.25,28.48,22.65,3879,363.73,2973.0,3973.0,3393.5714285714284,1,3
2023-01-27,1.53,25.0,27.85,22.39,3451,363.75,3879.0,3506.0,3380.1428571428573,1,4
2023-01-28,0.26,24.6,28.08,21.9,2880,363.75,3451.0,3126.0,3372.285714285714,1,5
2023-01-29,0.05,24.75,28.86,21.01,3130,363.75,2880.0,3036.0,3337.1428571428573,1,6
2023-01-30,3.04,24.67,27.72,22.15,3915,363.97,3130.0,3995.0,3350.5714285714284,1,0
2023-01-31,3.48,24.42,25.94,23.31,3174,364.15,3915.0,3146.0,3339.1428571428573,1,1
2023-02-01,3.87,24.88,26.37,23.44,3121,363.73,3174.0,2973.0,3343.1428571428573,2,2
2023-02-02,9.86,25.72,28.4,23.79,3940,363.05,3121.0,3879.0,3364.285714285714,2,3
2023-02-03,11.89,25.77,29.02,23.65,4073,362.91,3940.0,3451.0,3373.0,2,4
2023-02-04,6.11,25.72,28.77,23.44,3313,362.91,4073.0,2880.0,3461.8571428571427,2,5
2023-02-05,1.04,25.82,29.17,23.41,3594,362.91,3313.0,3130.0,3523.714285714286,2,6
2023-02-06,1.89,25.16,27.9,23.07,4638,363.54,3594.0,3915.0,3590.0,2,0
2023-02-07,1.79,25.83,29.26,23.49,3827,362.76,4638.0,3174.0,3693.285714285714,2,1
2023-02-08,0.33,25.92,29.9,22.63,3688,362.96,3827.0,3121.0,3786.5714285714284,2,2
2023-02-09,0.71,25.86,29.86,22.27,4591,363.12,3688.0,3940.0,3867.5714285714284,2,3
2023-02-10,1.01,25.27,28.81,22.44,4722,363.73,4591.0,4073.0,3960.5714285714284,2,4
2023-02-11,1.18,24.57,28.32,21.44,3684,363.73,4722.0,3313.0,4053.285714285714,2,5
2023-02-12,3.19,25.06,29.36,21.05,3546,363.73,3684.0,3594.0,4106.285714285715,2,6
2023-02-13,0.22,24.98,29.65,20.86,4510,362.86,3546.0,4638.0,4099.428571428572,2,0
2023-02-14,0.39,24.84,29.49,21.02,3438,362.59,4510.0,3827.0,4081.1428571428573,2,1
2023-02-15,0.02,23.95,28.96,20.0,3359,362.59,3438.0,3688.0,4025.5714285714284,2,2
2023-02-16,0.0,23.9,29.18,19.25,4377,362.87,3359.0,4591.0,3978.5714285714284,2,3
2023-02-17,0.0,24.69,29.55,20.04,4334,363.48,4377.0,4722.0,3948.0,2,4
2023-02-18,1.67,25.98,30.1,22.24,3407,363.48,4334.0,3684.0,3892.5714285714284,2,5
2023-02-19,16.23,26.1,29.63,23.51,3559,363.48,3407.0,3546.0,3853.0,2,6
2023-02-20,15.78,26.05,29.54,23.38,4619,363.63,3559.0,4510.0,3854.8571428571427,2,0
2023-02-21,1.4,25.71,29.36,23.13,3231,361.95,4619.0,3438.0,3870.4285714285716,2,1
2023-02-22,0.08,25.64,29.92,21.51,3542,362.53,3231.0,3359.0,3840.8571428571427,2,2
2023-02-23,0.16,25.92,30.03,22.32,4630,363.17,3542.0,4377.0,3867.0,2,3
2023-02-24,5.74,26.12,30.19,21.89,3988,362.36,4630.0,4334.0,3903.1428571428573,2,4
2023-02-25,2.88,26.17,30.08,22.68,3732,362.36,3988.0,3407.0,3853.714285714286,2,5
2023-02-26,0.22,24.74,29.45,20.91,3073,362.36,3732.0,3559.0,3900.1428571428573,2,6
2023-02-27,1.25,25.12,29.72,20.21,4041,361.66,3073.0,4619.0,3830.714285714286,2,0
2023-02-28,6.16,26.49,30.41,23.59,3062,359.98,4041.0,3231.0,3748.1428571428573,2,1
2023-03-01,1.19,26.49,29.91,23.56,4035,356.4,3062.0,3542.0,3724.0,3,2
2023-03-02,0.18,26.43,30.43,22.63,4015,352.48,4035.0,4630.0,3794.4285714285716,3,3
2023-03-03,0.25,26.31,30.53,22.68,4806,346.46,4015.0,3988.0,3706.5714285714284,3,4
2023-03-04,4.48,26.41,30.09,23.14,3687,346.46,4806.0,3732.0,3823.4285714285716,3,5
2023-03-05,2.04,26.7,30.04,23.79,3347,346.46,3687.0,3073.0,3817.0,3,6
2023-03-06,4.21,26.48,29.86,23.76,4473,340.32,3347.0,4041.0,3856.1428571428573,3,0
2023-03-07,4.79,26.78,30.49,23.72,3210,331.86,4473.0,3062.0,3917.8571428571427,3,1
2023-03-08,0.54,26.61,30.84,23.11,3513,323.82,3210.0,4035.0,3939.0,3,2
2023-03-09,0.45,26.94,30.81,23.57,3956,321.21,3513.0,4015.0,3864.4285714285716,3,3
2023-03-10,0.3,26.52,28.85,24.45,4338,319.34,3956.0,4806.0,3856.0,3,4
2023-03-11,8.4,26.91,30.15,24.55,5846,319.34,4338.0,3687.0,3789.1428571428573,3,5
2023-03-12,5.17,27.12,30.4,24.62,3203,319.34,5846.0,3347.0,4097.571428571428,3,6
2023-03-13,10.66,26.69,29.47,23.77,5409,321.97,3203.0,4473.0,4077.0,3,0
2023-03-14,2.59,27.33,30.3,24.39,3199,325.81,5409.0,3210.0,4210.714285714285,3,1
2023-03-15,4.27,27.47,30.01,25.44,3845,334.9,3199.0,3513.0,4209.142857142857,3,2
2023-03-16,8.45,27.46,29.81,25.37,4404,337.14,3845.0,3956.0,4256.571428571428,3,3
2023-03-17,1.55,27.07,29.7,24.44,3764,337.71,4404.0,4338.0,4320.571428571428,3,4
2023-03-18,9.67,27.29,30.73,23.77,3575,337.71,3764.0,5846.0,4238.571428571428,3,5
2023-03-19,10.36,27.38,29.89,25.47,3620,337.71,3575.0,3203.0,3914.1428571428573,3,6
2023-03-20,4.95,26.77,28.99,25.11,5081,337.35,3620.0,5409.0,3973.714285714286,3,0
2023-03-21,2.13,27.48,30.95,24.78,3257,328.56,5081.0,3199.0,3926.8571428571427,3,1
2023-03-22,7.0,26.88,28.9,25.24,3703,319.5,3257.0,3845.0,3935.1428571428573,3,2
2023-03-23,3.98,27.08,29.32,25.38,3780,318.52,3703.0,4404.0,3914.8571428571427,3,3
2023-03-24,28.12,27.33,30.64,24.69,4713,320.48,3780.0,3764.0,3825.714285714286,3,4
2023-03-25,1.74,27.73,30.71,24.93,4564,320.48,4713.0,3575.0,3961.285714285714,3,5
2023-03-26,1.1,27.62,30.61,25.07,4369,320.48,4564.0,3620.0,4102.571428571428,3,6
2023-03-27,1.8,27.75,30.35,25.51,4353,321.82,4369.0,5081.0,4209.571428571428,3,0
2023-03-28,1.66,27.65,30.81,24.89,2925,322.44,4353.0,3257.0,4105.571428571428,3,1
2023-03-29,3.01,27.68,30.47,25.12,3627,324.76,2925.0,3703.0,4058.1428571428573,3,2
2023-03-30,6.21,27.41,30.29,25.11,4274,325.82,3627.0,3780.0,4047.285714285714,3,3
2023-03-31,2.07,27.73,30.48,25.12,4604,325.88,4274.0,4713.0,4117.857142857143,3,4
2023-04-01,3.46,27.48,30.7,24.65,4238,325.88,4604.0,4564.0,4102.285714285715,4,5
2023-04-02,6.55,27.46,30.02,25.48,3695,325.88,4238.0,4369.0,4055.714285714286,4,6
2023-04-03,5.05,27.31,29.9,25.39,4548,324.95,3695.0,4353.0,3959.4285714285716,4,0
2023-04-04,21.27,26.62,29.21,24.88,3260,323.0,4548.0,2925.0,3987.285714285714,4,1
2023-04-05,6.8,27.01,29.85,24.58,3211,322.21,3260.0,3627.0,4035.1428571428573,4,2
2023-04-06,5.4,27.24,29.67,24.91,4071,321.91,3211.0,4274.0,3975.714285714286,4,3
2023-04-07,7.24,28.57,31.55,25.52,3888,321.42,4071.0,4604.0,3946.714285714286,4,4
2023-04-08,16.93,27.85,30.76,25.32,3158,321.42,3888.0,4238.0,3844.4285714285716,4,5
2023-04-09,3.52,28.28,31.71,24.86,2425,321.42,3158.0,3695.0,3690.1428571428573,4,6
2023-04-10,1.15,28.1,31.61,24.83,3550,320.16,2425.0,4548.0,3508.714285714286,4,0
2023-04-11,0.15,28.0,31.75,24.05,2271,320.71,3550.0,3260.0,3366.1428571428573,4,1
2023-04-12,0.04,28.04,31.54,24.29,4542,320.55,2271.0,3211.0,3224.8571428571427,4,2
2023-04-13,1.99,28.39,31.11,25.72,4609,320.15,4542.0,4071.0,3415.0,4,3
2023-04-14,3.77,27.75,29.71,26.45,3807,319.95,4609.0,3888.0,3491.8571428571427,4,4
2023-04-15,6.39,27.99,30.32,26.03,2888,319.95,3807.0,3158.0,3480.285714285714,4,5
2023-04-16,5.35,27.28,29.27,25.8,2240,319.95,2888.0,2425.0,3441.714285714286,4,6
2023-04-17,0.31,27.93,30.97,25.23,3344,320.49,2240.0,3550.0,3415.285714285714,4,0
2023-04-18,0.19,28.41,31.34,25.76,2634,319.84,3344.0,2271.0,3385.8571428571427,4,1
2023-04-19,0.23,28.03,31.04,25.6,3545,320.71,2634.0,4542.0,3437.714285714286,4,2
2023-04-20,1.07,27.97,30.24,25.93,3874,320.82,3545.0,4609.0,3295.285714285714,4,3
2023-04-21,5.76,28.37,30.57,26.63,3981,320.38,3874.0,3807.0,3190.285714285714,4,4
2023-04-22,5.11,27.99,30.14,26.19,3545,320.38,3981.0,2888.0,3215.1428571428573,4,5
2023-04-23,3.38,28.31,30.01,26.77,3025,320.38,3545.0,2240.0,3309.0,4,6
2023-04-24,6.39,28.08,29.7,26.93,3742,319.24,3025.0,3344.0,3421.1428571428573,4,0
2023-04-25,12.51,27.21,29.05,25.76,3227,320.11,3742.0,2634.0,3478.0,4,1
2023-04-26,21.86,27.73,30.51,25.23,2796,319.95,3227.0,3545.0,3562.714285714286,4,2
2023-04-27,9.98,28.37,31.81,25.3,3052,320.16,2796.0,3874.0,3455.714285714286,4,3
2023-04-28,14.49,28.0,31.46,25.46,5268,320.93,3052.0,3981.0,3338.285714285714,4,4
2023-04-29,32.27,27.95,30.13,25.65,3320,320.93,5268.0,3545.0,3522.1428571428573,4,5
2023-04-30,10.99,28.4,31.26,26.14,3744,320.93,3320.0,3025.0,3490.0,4,6
2023-05-01,36.8,27.39,29.4,26.07,3483,320.89,3744.0,3742.0,3592.714285714286,5,0
2023-05-02,8.52,27.8,29.74,25.9,2513,320.14,3483.0,3227.0,3555.714285714286,5,1
2023-05-03,13.94,27.29,29.1,26.01,2062,319.57,2513.0,2796.0,3453.714285714286,5,2
2023-05-04,38.15,26.5,27.53,25.5,2305,318.78,2062.0,3052.0,3348.8571428571427,5,3
2023-05-05,30.86,26.13,27.07,25.47,3436,318.93,2305.0,5268.0,3242.1428571428573,5,4
2023-05-06,5.49,27.02,29.32,25.46,2491,318.93,3436.0,3320.0,2980.4285714285716,5,5
2023-05-07,14.67,27.24,29.64,25.78,2111,318.93,2491.0,3744.0,2862.0,5,6
2023-05-08,5.07,27.23,29.02,25.9,3001,317.91,2111.0,3483.0,2628.714285714286,5,0
2023-05-09,13.04,27.22,29.32,25.7,3251,317.32,3001.0,2513.0,2559.8571428571427,5,1
2023-05-10,10.46,27.14,29.09,25.57,1916,316.36,3251.0,2062.0,2665.285714285714,5,2
2023-05-11,3.18,27.56,29.2,26.23,2262,314.18,1916.0,2305.0,2644.4285714285716,5,3
2023-05-12,7.44,27.91,29.71,26.44,2789,313.54,2262.0,3436.0,2638.285714285714,5,4
2023-05-13,5.19,27.74,28.9,26.59,2340,313.54,2789.0,2491.0,2545.8571428571427,5,5
2023-05-14,3.8,28.08,29.53,27.28,2140,313.54,2340.0,2111.0,2524.285714285714,5,6
2023-05-15,2.19,28.11,29.68,27.07,2867,312.91,2140.0,3001.0,2528.4285714285716,5,0
2023-05-16,1.75,28.19,29.84,27.01,2374,311.17,2867.0,3251.0,2509.285714285714,5,1
2023-05-17,3.33,28.19,30.0,26.59,2068,308.01,2374.0,1916.0,2384.0,5,2
2023-05-18,5.34,27.9,30.2,26.26,3088,307.5,2068.0,2262.0,2405.714285714286,5,3
2023-05-19,4.9,27.17,28.91,25.8,5563,307.6,3088.0,2789.0,2523.714285714286,5,4
2023-05-20,5.45,27.35,28.93,26.16,2793,307.6,5563.0,2340.0,2920.0,5,5
2023-05-21,4.71,27.31,28.84,26.24,2277,307.6,2793.0,2140.0,2984.714285714286,5,6
2023-05-22,1.37,27.44,29.51,26.04,2970,307.39,2277.0,2867.0,3004.285714285714,5,0
2023-05-23,2.06,27.15,29.45,25.53,2366,306.46,2970.0,2374.0,3019.0,5,1
2023-05-24,0.57,26.99,29.42,25.11,2057,304.69,2366.0,2068.0,3017.8571428571427,5,2
2023-05-25,0.25,27.18,29.05,25.54,2668,304.52,2057.0,3088.0,3016.285714285714,5,3
2023-05-26,0.69,27.75,29.64,26.27,3458,302.59,2668.0,5563.0,2956.285714285714,5,4
2023-05-27,1.15,27.91,29.66,26.54,2789,302.59,3458.0,2793.0,2655.5714285714284,5,5
2023-05-28,0.83,28.3,30.21,26.84,2319,302.59,2789.0,2277.0,2655.0,5,6
2023-05-29,1.93,28.13,30.09,26.85,2908,297.61,2319.0,2970.0,2661.0,5,0
2023-05-30,10.27,27.57,28.77,26.64,2624,296.08,2908.0,2366.0,2652.1428571428573,5,1
2023-05-31,5.77,27.51,29.12,25.76,2020,292.81,2624.0,2057.0,2689.0,5,2
2023-06-01,12.56,27.53,29.57,25.41,2752,292.21,2020.0,2668.0,2683.714285714286,6,3
2023-06-02,8.23,27.64,29.14,26.69,3256,290.63,2752.0,3458.0,2695.714285714286,6,4
2023-06-03,2.6,27.33,28.81,26.48,2662,290.63,3256.0,2789.0,2666.8571428571427,6,5
2023-06-04,2.65,27.42,29.04,26.17,2282,290.63,2662.0,2319.0,2648.714285714286,6,6
2023-06-05,6.51,27.57,29.21,26.44,3259,291.86,2282.0,2908.0,2643.4285714285716,6,0
2023-06-06,4.82,27.53,28.94,26.59,2348,292.11,3259.0,2624.0,2693.5714285714284,6,1
2023-06-07,6.02,27.57,29.15,26.66,3097,291.58,2348.0,2020.0,2654.1428571428573,6,2
2023-06-08,5.18,27.48,29.13,26.32,2544,292.54,3097.0,2752.0,2808.0,6,3
2023-06-09,4.09,27.58,29.12,26.53,3512,293.43,2544.0,3256.0,2778.285714285714,6,4
2023-06-10,4.81,27.49,28.81,26.6,3079,293.43,3512.0,2662.0,2814.8571428571427,6,5
2023-06-11,5.14,27.45,28.81,26.47,3118,293.43,3079.0,2282.0,2874.4285714285716,6,6
2023-06-12,9.1,27.62,28.97,26.71,3017,296.66,3118.0,3259.0,2993.8571428571427,6,0
2023-06-13,13.81,27.24,28.45,26.46,2452,301.45,3017.0,2348.0,2959.285714285714,6,1
2023-06-14,4.56,27.24,28.96,25.93,2819,307.82,2452.0,3097.0,2974.1428571428573,6,2
2023-06-15,1.56,27.26,28.61,25.94,2785,309.52,2819.0,2544.0,2934.4285714285716,6,3
2023-06-16,1.54,27.71,29.21,26.7,3866,306.85,2785.0,3512.0,2968.8571428571427,6,4
2023-06-17,1.77,27.09,28.31,26.25,3085,306.85,3866.0,3079.0,3019.4285714285716,6,5
2023-06-18,3.4,27.09,28.72,26.02,2731,306.85,3085.0,3118.0,3020.285714285714,6,6
2023-06-19,1.74,26.98,28.46,25.72,3617,307.08,2731.0,3017.0,2965.0,6,0
2023-06-20,2.22,27.21,29.08,26.04,4902,306.82,3617.0,2452.0,3050.714285714286,6,1
2023-06-21,2.2,27.35,29.07,26.21,3360,307.21,4902.0,2819.0,3400.714285714286,6,2
2023-06-22,3.63,27.48,29.38,25.97,3503,306.92,3360.0,2785.0,3478.0,6,3
2023-06-23,2.74,27.37,28.99,26.3,4231,307.99,3503.0,3866.0,3580.5714285714284,6,4
2023-06-24,3.75,27.15,28.72,25.7,4277,307.99,4231.0,3085.0,3632.714285714286,6,5
2023-06-25,6.13,26.77,27.86,25.79,3346,307.99,4277.0,2731.0,3803.0,6,6
2023-06-26,5.81,26.43,27.86,25.36,4103,308.18,3346.0,3617.0,3890.8571428571427,6,0
2023-06-27,6.48,26.56,28.18,25.49,3907,308.87,4103.0,4902.0,3960.285714285714,6,1
2023-06-28,5.64,26.79,28.45,25.38,4169,308.62,3907.0,3360.0,3818.1428571428573,6,2
2023-06-29,11.26,26.54,27.83,25.65,4054,308.53,4169.0,3503.0,3933.714285714286,6,3
2023-06-30,10.03,26.75,28.23,25.72,4255,308.84,4054.0,4231.0,4012.4285714285716,6,4
2023-07-01,4.65,26.82,28.28,25.95,4408,308.84,4255.0,4277.0,4015.8571428571427,7,5
2023-07-02,11.8,26.49,27.39,25.69,3480,308.84,4408.0,3346.0,4034.5714285714284,7,6
2023-07-03,4.01,25.74,26.5,24.86,4474,307.69,3480.0,4103.0,4053.714285714286,7,0
2023-07-04,15.66,26.39,28.09,25.36,3965,306.94,4474.0,3907.0,4106.714285714285,7,1
2023-07-05,15.67,26.18,27.41,25.24,3470,306.6,3965.0,4169.0,4115.0,7,2
2023-07-06,2.46,26.24,28.12,24.99,4104,307.77,3470.0,4054.0,4015.1428571428573,7,3
2023-07-07,5.35,26.12,28.08,24.57,4810,309.08,4104.0,4255.0,4022.285714285714,7,4
2023-07-08,2.47,26.37,28.27,25.13,4389,309.08,4810.0,4408.0,4101.571428571428,7,5
2023-07-09,0.51,27.0,29.69,24.84,4124,309.08,4389.0,3480.0,4098.857142857143,7,6
2023-07-10,2.42,26.41,28.03,25.16,5049,310.23,4124.0,4474.0,4190.857142857143,7,0
2023-07-11,1.09,26.55,28.05,25.3,4362,311.45,5049.0,3965.0,4273.0,7,1
2023-07-12,0.89,26.72,28.85,25.08,4296,313.01,4362.0,3470.0,4329.714285714285,7,2
2023-07-13,2.62,26.81,28.9,25.39,4635,313.35,4296.0,4104.0,4447.714285714285,7,3
2023-07-14,0.9,26.6,28.72,24.65,5047,314.45,4635.0,4810.0,4523.571428571428,7,4
2023-07-15,1.48,26.64,28.21,25.55,4999,314.45,5047.0,4389.0,4557.428571428572,7,5
2023-07-16,1.24,26.81,28.35,25.72,4422,314.45,4999.0,4124.0,4644.571428571428,7,6
2023-07-17,0.58,26.96,28.54,25.83,5193,316.47,4422.0,5049.0,4687.142857142857,7,0
2023-07-18,1.95,26.87,28.13,26.06,4853,317.55,5193.0,4362.0,4707.714285714285,7,1
2023-07-19,3.48,26.93,28.4,25.82,4372,319.07,4853.0,4296.0,4777.857142857143,7,2
2023-07-20,3.3,26.81,28.15,25.7,5272,319.89,4372.0,4635.0,4788.714285714285,7,3
2023-07-21,0.67,26.86,28.53,25.75,5483,324.39,5272.0,5047.0,4879.714285714285,7,4
2023-07-22,0.26,26.73,28.39,25.64,5155,324.39,5483.0,4999.0,4942.0,7,5
2023-07-23,2.38,26.93,29.16,25.15,4302,324.39,5155.0,4422.0,4964.285714285715,7,6
2023-07-24,5.54,26.34,27.68,25.52,5313,325.3,4302.0,5193.0,4947.142857142857,7,0
2023-07-25,6.19,26.54,28.36,25.4,4604,326.14,5313.0,4853.0,4964.285714285715,7,1
2023-07-26,6.6,26.61,28.4,25.43,4312,326.6,4604.0,4372.0,4928.714285714285,7,2
2023-07-27,0.26,26.71,28.64,25.22,4610,325.99,4312.0,5272.0,4920.142857142857,7,3
2023-07-28,0.09,26.78,28.94,25.07,5421,328.18,4610.0,5483.0,4825.571428571428,7,4
2023-07-29,0.22,26.78,28.63,25.31,4780,328.18,5421.0,5155.0,4816.714285714285,7,5
2023-07-30,0.35,26.62,28.6,25.35,4320,328.18,4780.0,4302.0,4763.142857142857,7,6
2023-07-31,0.58,26.84,28.88,25.48,5015,325.65,4320.0,5313.0,4765.714285714285,7,0
2023-08-01,0.14,26.39,28.07,25.3,4765,321.07,5015.0,4604.0,4723.142857142857,8,1
2023-08-02,0.1,26.41,28.46,24.79,4428,315.87,4765.0,4312.0,4746.142857142857,8,2
2023-08-03,0.22,26.64,28.63,25.17,5415,314.53,4428.0,4610.0,4762.714285714285,8,3
2023-08-04,0.35,26.65,28.42,25.33,5907,316.67,5415.0,5421.0,4877.714285714285,8,4
2023-08-05,0.36,26.76,28.95,25.36,5206,316.67,5907.0,4780.0,4947.142857142857,8,5
2023-08-06,1.17,27.24,29.56,25.62,4586,316.67,5206.0,4320.0,5008.0,8,6
2023-08-07,0.55,26.96,29.21,25.42,5468,317.44,4586.0,5015.0,5046.0,8,0
2023-08-08,0.83,26.58,28.06,25.44,5025,317.66,5468.0,4765.0,5110.714285714285,8,1
2023-08-09,1.84,26.52,28.3,25.3,5309,317.9,5025.0,4428.0,5147.857142857143,8,2
2023-08-10,2.38,26.45,28.21,25.21,5485,317.33,5309.0,5415.0,5273.714285714285,8,3
2023-08-11,4.65,26.84,28.9,25.18,5927,317.34,5485.0,5907.0,5283.714285714285,8,4
2023-08-12,1.84,26.85,28.84,25.43,6018,317.34,5927.0,5206.0,5286.571428571428,8,5
2023-08-13,1.37,27.58,29.86,25.85,4804,317.34,6018.0,4586.0,5402.571428571428,8,6
2023-08-14,0.31,27.46,29.71,25.84,5322,317.7,4804.0,5468.0,5433.714285714285,8,0
2023-08-15,0.33,26.78,29.21,25.12,3888,318.25,5322.0,5025.0,5412.857142857143,8,1
2023-08-16,0.35,26.77,29.32,24.88,4865,318.67,3888.0,5309.0,5250.428571428572,8,2
2023-08-17,0.74,26.79,29.22,25.06,4341,319.11,4865.0,5485.0,5187.0,8,3
2023-08-18,1.13,26.97,29.17,25.37,4861,320.41,4341.0,5927.0,5023.571428571428,8,4
2023-08-19,0.17,27.11,29.3,25.74,3838,320.41,4861.0,6018.0,4871.285714285715,8,5
2023-08-20,0.06,26.98,29.47,25.25,3373,320.41,3838.0,4804.0,4559.857142857143,8,6
2023-08-21,0.2,27.29,29.97,25.38,4181,320.2,3373.0,5322.0,4355.428571428572,8,0
2023-08-22,1.65,27.39,29.72,25.73,3162,320.42,4181.0,3888.0,4192.428571428572,8,1
2023-08-23,2.11,27.18,29.06,25.83,3780,320.88,3162.0,4865.0,4088.714285714286,8,2
2023-08-24,1.31,27.29,29.72,25.68,3449,320.58,3780.0,4341.0,3933.714285714286,8,3
2023-08-25,0.43,27.17,29.52,25.43,4082,320.91,3449.0,4861.0,3806.285714285714,8,4
2023-08-26,0.3,27.37,29.41,26.02,3174,320.91,4082.0,3838.0,3695.0,8,5
2023-08-27,1.56,27.41,29.52,25.64,2626,320.91,3174.0,3373.0,3600.1428571428573,8,6
2023-08-28,5.35,27.65,29.47,26.49,3303,320.42,2626.0,4181.0,3493.4285714285716,8,0
2023-08-29,16.09,27.34,28.93,25.99,2562,319.72,3303.0,3162.0,3368.0,8,1
2023-08-30,14.93,26.14,27.37,25.28,3645,321.01,2562.0,3780.0,3282.285714285714,8,2
2023-08-31,17.49,26.62,28.76,25.04,3610,320.03,3645.0,3449.0,3263.0,8,3
2023-09-01,14.08,26.71,28.42,25.49,4862,319.74,3610.0,4082.0,3286.0,9,4
2023-09-02,28.81,26.74,28.44,25.52,3573,319.74,4862.0,3174.0,3397.4285714285716,9,5
2023-09-03,27.09,26.3,27.34,25.29,3299,319.74,3573.0,2626.0,3454.4285714285716,9,6
2023-09-04,19.21,26.77,28.59,25.25,3995,318.49,3299.0,3303.0,3550.5714285714284,9,0
2023-09-05,14.99,26.95,28.49,25.86,3288,319.2,3995.0,2562.0,3649.4285714285716,9,1
2023-09-06,17.8,26.78,28.0,26.04,3876,319.48,3288.0,3645.0,3753.1428571428573,9,2
2023-09-07,24.47,26.47,28.04,25.31,3866,320.65,3876.0,3610.0,3786.1428571428573,9,3
2023-09-08,5.8,26.48,28.27,24.94,4283,320.53,3866.0,4862.0,3822.714285714286,9,4
2023-09-09,2.55,26.85,29.14,25.42,4040,320.53,4283.0,3573.0,3740.0,9,5
2023-09-10,4.74,26.75,28.33,25.65,3628,320.53,4040.0,3299.0,3806.714285714286,9,6
2023-09-11,12.88,25.99,27.49,24.74,4399,319.33,3628.0,3995.0,3853.714285714286,9,0
2023-09-12,7.0,26.67,28.68,24.77,3196,319.67,4399.0,3288.0,3911.4285714285716,9,1
2023-09-13,6.59,26.77,28.63,25.4,4304,319.78,3196.0,3876.0,3898.285714285714,9,2
2023-09-14,12.16,26.51,28.19,25.4,3270,319.89,4304.0,3866.0,3959.4285714285716,9,3
2023-09-15,5.68,26.59,28.92,24.91,4404,320.44,3270.0,4283.0,3874.285714285714,9,4
2023-09-16,1.31,26.9,29.39,24.7,3857,320.44,4404.0,4040.0,3891.5714285714284,9,5
2023-09-17,17.82,26.53,28.4,25.44,3545,320.44,3857.0,3628.0,3865.4285714285716,9,6
2023-09-18,7.51,25.95,27.51,24.88,3708,321.16,3545.0,4399.0,3853.5714285714284,9,0
2023-09-19,26.75,26.38,28.34,24.69,3181,323.9,3708.0,3196.0,3754.8571428571427,9,1
2023-09-20,9.13,26.32,28.35,24.79,2645,324.04,3181.0,4304.0,3752.714285714286,9,2
2023-09-21,3.95,26.26,28.5,24.68,3188,323.85,2645.0,3270.0,3515.714285714286,9,3
2023-09-22,19.23,26.49,28.39,24.81,3791,323.68,3188.0,4404.0,3504.0,9,4
2023-09-23,5.86,26.92,28.83,25.59,3727,323.68,3791.0,3857.0,3416.4285714285716,9,5
2023-09-24,3.26,26.51,27.91,25.44,2957,323.68,3727.0,3545.0,3397.8571428571427,9,6
2023-09-25,7.15,26.99,28.62,25.71,3615,323.46,2957.0,3708.0,3313.8571428571427,9,0
2023-09-26,9.02,27.0,28.6,25.98,3269,323.43,3615.0,3181.0,3300.5714285714284,9,1
2023-09-27,25.95,26.27,27.76,25.45,2889,323.12,3269.0,2645.0,3313.1428571428573,9,2
2023-09-28,20.09,26.32,28.05,25.25,4110,323.44,2889.0,3188.0,3348.0,9,3
2023-09-29,37.97,26.67,28.38,25.37,5201,322.95,4110.0,3791.0,3479.714285714286,9,4
2023-09-30,9.03,26.29,28.21,24.85,3972,322.95,5201.0,3727.0,3681.1428571428573,9,5
2023-10-01,23.15,26.21,28.18,24.88,3497,322.95,3972.0,2957.0,3716.1428571428573,10,6
2023-10-02,24.98,26.16,27.61,24.98,3711,323.76,3497.0,3615.0,3793.285714285714,10,0
2023-10-03,16.72,26.42,27.83,25.4,3151,323.95,3711.0,3269.0,3807.0,10,1
2023-10-04,27.71,25.92,27.22,24.78,2675,323.65,3151.0,2889.0,3790.1428571428573,10,2
2023-10-05,14.6,26.18,27.42,25.25,3376,323.35,2675.0,4110.0,3759.5714285714284,10,3
2023-10-06,34.15,26.44,27.99,25.43,3695,323.08,3376.0,5201.0,3654.714285714286,10,4
2023-10-07,11.21,26.53,28.24,25.38,2968,323.08,3695.0,3972.0,3439.5714285714284,10,5
2023-10-08,13.31,26.76,28.74,25.18,3199,323.08,2968.0,3497.0,3296.1428571428573,10,6
2023-10-09,10.24,26.77,28.81,25.28,3451,323.18,3199.0,3711.0,3253.5714285714284,10,0
2023-10-10,20.93,26.52,28.15,25.2,3030,323.16,3451.0,3151.0,3216.4285714285716,10,1
2023-10-11,15.02,26.4,28.24,24.79,2209,323.55,3030.0,2675.0,3199.1428571428573,10,2
2023-10-12,7.83,25.73,27.56,24.09,3305,323.45,2209.0,3376.0,3132.5714285714284,10,3
2023-10-13,11.72,26.41,28.55,24.5,4286,323.95,3305.0,3695.0,3122.4285714285716,10,4
2023-10-14,23.96,26.13,28.17,24.9,3954,323.95,4286.0,2968.0,3206.8571428571427,10,5
2023-10-15,16.78,25.93,27.69,24.46,3888,323.95,3954.0,3199.0,3347.714285714286,10,6
2023-10-16,9.79,26.28,28.25,24.59,4079,323.83,3888.0,3451.0,3446.1428571428573,10,0
2023-10-17,18.95,26.21,28.05,24.65,3095,323.83,4079.0,3030.0,3535.8571428571427,10,1
2023-10-18,19.74,25.54,26.88,24.41,2812,324.32,3095.0,2209.0,3545.1428571428573,10,2
2023-10-19,18.22,25.27,26.84,23.94,3936,324.7,2812.0,3305.0,3631.285714285714,10,3
2023-10-20,16.67,26.07,28.47,24.1,5101,325.02,3936.0,4286.0,3721.4285714285716,10,4
2023-10-21,9.79,25.66,26.92,24.45,4433,325.02,5101.0,3954.0,3837.8571428571427,10,5
2023-10-22,19.8,26.18,28.03,24.78,3912,325.02,4433.0,3888.0,3906.285714285714,10,6
2023-10-23,35.25,25.43,26.57,24.37,3787,325.45,3912.0,4079.0,3909.714285714286,10,0
2023-10-24,5.12,26.77,29.19,24.67,3340,326.22,3787.0,3095.0,3868.0,10,1
2023-10-25,5.92,26.82,28.78,25.15,3036,326.49,3340.0,2812.0,3903.0,10,2
2023-10-26,1.88,27.42,30.19,24.81,3823,326.38,3036.0,3936.0,3935.0,10,3
2023-10-27,4.71,27.3,30.05,25.12,4257,326.51,3823.0,5101.0,3918.8571428571427,10,4
2023-10-28,28.75,26.3,27.93,25.16,3391,326.51,4257.0,4433.0,3798.285714285714,10,5
2023-10-29,23.52,25.77,27.58,24.74,3026,326.51,3391.0,3912.0,3649.4285714285716,10,6
2023-10-30,23.87,26.0,28.16,24.37,3207,326.71,3026.0,3787.0,3522.8571428571427,10,0
2023-10-31,43.08,26.82,29.9,24.73,3569,327.02,3207.0,3340.0,3440.0,10,1
2023-11-01,13.53,26.76,29.53,24.31,4564,327.44,3569.0,3036.0,3472.714285714286,11,2
2023-11-02,15.92,26.34,28.59,24.85,4292,327.62,4564.0,3823.0,3691.0,11,3
2023-11-03,29.61,25.68,26.71,24.99,4465,327.85,4292.0,4257.0,3758.0,11,4
2023-11-04,25.44,26.18,28.12,24.64,4408,327.85,4465.0,3391.0,3787.714285714286,11,5
2023-11-05,17.98,26.38,28.22,25.07,4473,327.85,4408.0,3026.0,3933.0,11,6
2023-11-06,22.73,26.72,29.12,24.74,4300,327.37,4473.0,3207.0,4139.714285714285,11,0
2023-11-07,15.46,27.23,30.03,24.46,3892,327.2,4300.0,3569.0,4295.857142857143,11,1
2023-11-08,20.07,26.74,29.53,25.21,4163,327.79,3892.0,4564.0,4342.0,11,2
2023-11-09,29.62,25.78,27.09,24.53,6496,327.56,4163.0,4292.0,4284.714285714285,11,3
2023-11-10,21.85,26.78,29.07,24.44,4361,326.93,6496.0,4465.0,4599.571428571428,11,4
2023-11-11,11.59,26.98,28.67,25.65,5086,326.93,4361.0,4408.0,4584.714285714285,11,5
2023-11-12,39.94,27.29,29.64,25.46,4995,326.93,5086.0,4473.0,4681.571428571428,11,6
2023-11-13,10.99,26.35,28.06,24.61,7520,326.7,4995.0,4300.0,4756.142857142857,11,0
2023-11-14,6.77,26.18,27.08,25.39,6390,326.98,7520.0,3892.0,5216.142857142857,11,1
2023-11-15,6.9,26.49,28.31,25.31,5259,327.95,6390.0,4163.0,5573.0,11,2
2023-11-16,1.83,26.69,28.09,25.67,5304,328.1,5259.0,6496.0,5729.571428571428,11,3
2023-11-17,9.87,26.92,28.48,25.81,5129,327.64,5304.0,4361.0,5559.285714285715,11,4
2023-11-18,28.01,26.95,28.52,25.79,5748,327.64,5129.0,5086.0,5669.0,11,5
2023-11-19,23.49,27.0,29.47,25.33,5484,327.64,5748.0,4995.0,5763.571428571428,11,6
2023-11-20,13.01,27.17,29.64,25.2,7065,327.76,5484.0,7520.0,5833.428571428572,11,0
2023-11-21,12.33,27.37,29.48,25.69,4578,328.02,7065.0,6390.0,5768.428571428572,11,1
2023-11-22,38.34,25.97,27.07,24.55,4939,328.21,4578.0,5259.0,5509.571428571428,11,2
2023-11-23,9.14,26.65,29.99,24.45,4687,328.13,4939.0,5304.0,5463.857142857143,11,3
2023-11-24,11.72,27.21,30.05,24.57,5064,328.3,4687.0,5129.0,5375.714285714285,11,4
2023-11-25,6.17,27.29,30.06,24.47,5128,328.3,5064.0,5748.0,5366.428571428572,11,5
2023-11-26,1.25,27.22,30.67,23.86,4941,328.3,5128.0,5484.0,5277.857142857143,11,6
2023-11-27,15.29,27.28,30.36,24.5,4972,328.45,4941.0,7065.0,5200.285714285715,11,0
2023-11-28,14.95,27.19,29.82,25.18,3795,328.8,4972.0,4578.0,4901.285714285715,11,1
2023-11-29,22.46,26.18,28.15,24.54,5316,328.83,3795.0,4939.0,4789.428571428572,11,2
2023-11-30,8.08,25.71,27.39,24.36,4682,328.86,5316.0,4687.0,4843.285714285715,11,3
2023-12-01,6.75,25.82,27.0,24.59,4972,328.93,4682.0,5064.0,4842.571428571428,12,4
2023-12-02,8.26,26.23,27.07,25.64,5521,328.93,4972.0,5128.0,4829.428571428572,12,5
2023-12-03,18.42,26.84,28.07,25.78,5048,328.93,5521.0,4941.0,4885.571428571428,12,6
2023-12-04,13.72,26.49,27.29,26.01,5235,329.31,5048.0,4972.0,4900.857142857143,12,0
2023-12-05,14.03,27.07,28.62,25.86,5851,329.29,5235.0,3795.0,4938.428571428572,12,1
2023-12-06,6.4,26.75,28.39,25.07,5311,328.38,5851.0,5316.0,5232.142857142857,12,2
2023-12-07,5.7,26.76,29.16,24.67,6108,327.96,5311.0,4682.0,5231.428571428572,12,3
2023-12-08,23.15,26.6,28.37,25.53,5132,327.48,6108.0,4972.0,5435.142857142857,12,4
2023-12-09,21.96,26.72,29.17,24.9,5520,327.48,5132.0,5521.0,5458.0,12,5
2023-12-10,11.08,27.23,29.99,24.73,8696,327.48,5520.0,5048.0,5457.857142857143,12,6
2023-12-11,9.9,27.11,29.58,24.95,5494,328.22,8696.0,5235.0,5979.0,12,0
2023-12-12,39.13,26.49,28.74,24.96,4648,328.21,5494.0,5851.0,6016.0,12,1
2023-12-13,2.59,26.14,28.63,23.94,6054,327.78,4648.0,5311.0,5844.142857142857,12,2
2023-12-14,11.88,26.4,28.49,24.78,7329,326.95,6054.0,6108.0,5950.285714285715,12,3
2023-12-15,31.22,25.96,27.79,24.84,6504,326.3,7329.0,5132.0,6124.714285714285,12,4
2023-12-16,12.76,26.54,28.55,24.88,6695,326.3,6504.0,5520.0,6320.714285714285,12,5
2023-12-17,8.44,26.97,29.73,24.89,7132,326.3,6695.0,8696.0,6488.571428571428,12,6
2023-12-18,21.09,26.74,28.83,25.02,6703,326.6,7132.0,5494.0,6265.142857142857,12,0
2023-12-19,6.91,26.63,29.6,24.0,5809,326.62,6703.0,4648.0,6437.857142857143,12,1
2023-12-20,5.38,26.76,29.36,24.5,6899,326.8,5809.0,6054.0,6603.714285714285,12,2
2023-12-21,4.72,27.08,29.97,24.34,7386,326.55,6899.0,7329.0,6724.428571428572,12,3
2023-12-22,1.43,26.41,29.06,24.64,8437,325.63,7386.0,6504.0,6732.571428571428,12,4
2023-12-23,0.09,26.08,29.45,23.29,9864,325.63,8437.0,6695.0,7008.714285714285,12,5
2023-12-24,0.75,26.53,30.2,23.33,8423,325.63,9864.0,7132.0,7461.428571428572,12,6
2023-12-25,1.06,26.21,29.56,23.65,9141,325.63,8423.0,6703.0,7645.857142857143,12,0
2023-12-26,3.5,26.13,29.84,23.2,7962,325.33,9141.0,5809.0,7994.142857142857,12,1
2023-12-27,9.45,26.89,30.35,24.4,9336,325.55,7962.0,6899.0,8301.714285714286,12,2
2023-12-28,13.93,26.85,29.37,25.51,8395,324.78,9336.0,7386.0,8649.857142857143,12,3
2023-12-29,9.8,26.53,29.3,25.03,7478,325.33,8395.0,8437.0,8794.0,12,4
2023-12-30,9.98,26.61,29.54,24.71,7409,325.33,7478.0,9864.0,8657.0,12,5
2023-12-31,14.96,26.63,30.03,24.1,5860,325.33,7409.0,8423.0,8306.285714285714,12,6
2024-01-01,24.76,25.92,27.83,24.47,5912,324.54,5860.0,9141.0,7940.142857142857,1,0
2024-01-02,6.37,26.6,29.04,24.46,6204,322.12,5912.0,7962.0,7478.857142857143,1,1
2024-01-03,1.25,26.57,29.45,24.12,7251,321.91,6204.0,9336.0,7227.714285714285,1,2
2024-01-04,2.25,27.0,29.6,24.34,6253,321.98,7251.0,8395.0,6929.857142857143,1,3
2024-01-05,5.41,27.24,30.22,24.61,6833,322.14,6253.0,7478.0,6623.857142857143,1,4
2024-01-06,8.43,26.05,28.27,24.2,6834,322.14,6833.0,7409.0,6531.714285714285,1,5
2024-01-07,31.3,26.59,29.71,23.57,6016,322.14,6834.0,5860.0,6449.571428571428,1,6
2024-01-08,18.7,26.38,28.58,24.72,6521,322.83,6016.0,5912.0,6471.857142857143,1,0
2024-01-09,11.97,25.65,27.7,24.05,6019,322.83,6521.0,6204.0,6558.857142857143,1,1
2024-01-10,20.8,25.97,28.17,24.34,7027,323.12,6019.0,7251.0,6532.428571428572,1,2
2024-01-11,2.73,26.2,29.28,24.15,6537,323.09,7027.0,6253.0,6500.428571428572,1,3
2024-01-12,0.14,25.76,29.38,23.07,6982,322.78,6537.0,6833.0,6541.0,1,4
2024-01-13,0.02,25.2,28.88,22.49,7771,322.78,6982.0,6834.0,6562.285714285715,1,5
2024-01-14,0.01,25.0,28.68,22.06,6661,322.78,7771.0,6016.0,6696.142857142857,1,6
2024-01-15,0.0,24.31,27.73,21.36,8541,322.82,6661.0,6521.0,6788.285714285715,1,0
2024-01-16,0.02,24.84,28.46,20.56,6262,323.2,8541.0,6019.0,7076.857142857143,1,1
2024-01-17,0.08,26.16,29.59,22.51,7318,322.17,6262.0,7027.0,7111.571428571428,1,2
2024-01-18,6.93,26.35,29.44,23.53,6504,319.85,7318.0,6537.0,7153.142857142857,1,3
2024-01-19,7.25,26.67,29.44,24.33,6505,319.4,6504.0,6982.0,7148.428571428572,1,4
2024-01-20,8.33,26.5,29.32,24.26,7336,319.4,6505.0,7771.0,7080.285714285715,1,5
2024-01-21,1.27,26.6,30.2,23.34,6875,319.4,7336.0,6661.0,7018.142857142857,1,6
2024-01-22,0.01,26.65,30.32,23.84,7009,319.47,6875.0,8541.0,7048.714285714285,1,0
2024-01-23,0.0,25.42,29.27,22.31,5682,318.84,7009.0,6262.0,6829.857142857143,1,1
2024-01-24,0.0,24.64,28.98,20.89,7218,318.05,5682.0,7318.0,6747.0,1,2
2024-01-25,0.0,24.61,29.28,20.52,7032,318.59,7218.0,6504.0,6732.714285714285,1,3
2024-01-26,0.0,24.92,29.37,20.68,7466,317.75,7032.0,6505.0,6808.142857142857,1,4
2024-01-27,0.13,25.39,29.58,21.53,6880,317.75,7466.0,7336.0,6945.428571428572,1,5
2024-01-28,0.56,25.86,29.54,23.13,6125,317.75,6880.0,6875.0,6880.285714285715,1,6
2024-01-29,0.92,26.1,29.74,23.52,6815,317.64,6125.0,7009.0,6773.142857142857,1,0
2024-01-30,5.53,26.41,29.81,23.66,5298,317.48,6815.0,5682.0,6745.428571428572,1,1
2024-01-31,13.21,26.53,29.62,24.01,6566,316.62,5298.0,7218.0,6690.571428571428,1,2
2024-02-01,2.03,26.6,28.55,25.08,6862,315.37,6566.0,7032.0,6597.428571428572,2,3
2024-02-02,5.19,27.05,30.13,24.34,6765,313.36,6862.0,7466.0,6573.142857142857,2,4
2024-02-03,0.27,27.05,30.53,24.24,7785,313.36,6765.0,6880.0,6473.0,2,5
2024-02-04,5.54,26.63,30.42,23.26,7081,313.36,7785.0,6125.0,6602.285714285715,2,6
2024-02-05,1.89,26.86,30.65,24.24,8282,311.56,7081.0,6815.0,6738.857142857143,2,0
2024-02-06,0.01,25.62,29.86,22.26,7007,312.02,8282.0,5298.0,6948.428571428572,2,1
2024-02-07,0.0,25.02,29.75,20.93,8579,312.02,7007.0,6566.0,7192.571428571428,2,2
2024-02-08,0.0,25.04,29.81,21.04,7761,311.85,8579.0,6862.0,7480.142857142857,2,3
2024-02-09,0.0,25.32,29.99,21.49,7716,313.45,7761.0,6765.0,7608.571428571428,2,4
2024-02-10,0.01,25.65,30.08,22.37,8515,313.45,7716.0,7785.0,7744.428571428572,2,5
2024-02-11,0.0,25.42,29.65,21.88,7858,313.45,8515.0,7081.0,7848.714285714285,2,6
2024-02-12,0.19,26.38,30.59,23.06,7398,311.62,7858.0,8282.0,7959.714285714285,2,0
2024-02-13,0.68,26.74,30.61,23.64,6846,314.22,7398.0,7007.0,7833.428571428572,2,1
2024-02-14,0.79,26.75,30.65,24.06,9443,314.11,6846.0,8579.0,7810.428571428572,2,2
2024-02-15,0.21,26.57,30.57,23.45,7432,313.73,9443.0,7761.0,7933.857142857143,2,3
2024-02-16,1.09,26.2,29.86,23.6,7460,313.23,7432.0,7716.0,7886.857142857143,2,4
2024-02-17,0.26,26.83,30.83,23.91,8083,313.23,7460.0,8515.0,7850.285714285715,2,5
2024-02-18,0.03,26.51,30.77,23.1,7862,313.23,8083.0,7858.0,7788.571428571428,2,6
2024-02-19,0.18,26.94,30.96,23.61,7587,313.24,7862.0,7398.0,7789.142857142857,2,0
2024-02-20,0.2,27.59,31.63,23.72,6553,310.95,7587.0,6846.0,7816.142857142857,2,1
2024-02-21,0.42,27.56,31.1,25.09,7289,310.68,6553.0,9443.0,7774.285714285715,2,2
2024-02-22,0.34,27.0,29.02,25.55,6866,310.3,7289.0,7432.0,7466.571428571428,2,3
2024-02-23,2.46,27.76,30.8,25.23,7230,310.48,6866.0,7460.0,7385.714285714285,2,4
2024-02-24,3.71,27.75,30.29,25.43,10014,310.48,7230.0,8083.0,7352.857142857143,2,5
2024-02-25,0.38,27.09,31.01,23.17,6744,310.48,10014.0,7862.0,7628.714285714285,2,6
2024-02-26,0.65,27.81,31.78,24.45,7253,309.83,6744.0,7587.0,7469.0,2,0
2024-02-27,0.77,27.73,31.68,24.92,6213,309.61,7253.0,6553.0,7421.285714285715,2,1
2024-02-28,0.16,27.11,31.46,24.13,6958,309.48,6213.0,7289.0,7372.714285714285,2,2
2024-02-29,0.14,27.39,31.39,23.74,6908,310.92,6958.0,6866.0,7325.428571428572,2,3
2024-03-01,0.21,27.28,31.38,24.43,6878,310.07,6908.0,7230.0,7331.428571428572,3,4
2024-03-02,0.06,26.72,30.12,23.12,8085,310.07,6878.0,10014.0,7281.142857142857,3,5
2024-03-03,0.37,27.31,30.8,23.76,6704,310.07,8085.0,6744.0,7005.571428571428,3,6
2024-03-04,0.16,27.24,30.55,24.74,7124,307.34,6704.0,7253.0,6999.857142857143,3,0
2024-03-05,0.15,27.36,31.36,23.23,5832,306.95,7124.0,6213.0,6981.428571428572,3,1
2024-03-06,0.95,27.33,29.99,25.07,6254,307.21,5832.0,6958.0,6927.0,3,2
2024-03-07,0.25,27.94,31.21,25.39,6344,306.6,6254.0,6908.0,6826.428571428572,3,3
2024-03-08,1.54,27.45,30.29,24.74,6721,306.42,6344.0,6878.0,6745.857142857143,3,4
2024-03-09,0.6,27.74,31.87,23.43,6780,306.42,6721.0,8085.0,6723.428571428572,3,5
2024-03-10,0.04,27.39,31.8,23.77,6393,306.42,6780.0,6704.0,6537.0,3,6
2024-03-11,0.0,27.23,31.67,22.73,6348,306.4,6393.0,7124.0,6492.571428571428,3,0
2024-03-12,0.04,27.8,31.74,23.77,5680,305.88,6348.0,5832.0,6381.714285714285,3,1
2024-03-13,0.27,27.77,30.59,25.09,6141,305.67,5680.0,6254.0,6360.0,3,2
2024-03-14,0.19,27.84,30.96,25.26,5920,305.19,6141.0,6344.0,6343.857142857143,3,3
2024-03-15,0.31,27.84,31.48,25.04,6145,305.36,5920.0,6721.0,6283.285714285715,3,4
2024-03-16,0.95,27.34,29.99,25.48,7068,305.36,6145.0,6780.0,6201.0,3,5
2024-03-17,0.57,27.73,31.84,23.6,6866,305.36,7068.0,6393.0,6242.142857142857,3,6
2024-03-18,0.0,27.55,31.72,22.97,7873,304.84,6866.0,6348.0,6309.714285714285,3,0
2024-03-19,0.06,27.87,32.12,23.54,5697,303.87,7873.0,5680.0,6527.571428571428,3,1
2024-03-20,0.52,28.42,32.12,25.16,6831,304.07,5697.0,6141.0,6530.0,3,2
2024-03-21,5.2,28.15,32.13,25.2,7492,303.28,6831.0,5920.0,6628.571428571428,3,3
2024-03-22,20.55,28.33,31.52,26.35,7268,303.84,7492.0,6145.0,6853.142857142857,3,4
2024-03-23,2.84,28.98,32.54,25.84,8534,303.84,7268.0,7068.0,7013.571428571428,3,5
2024-03-24,7.91,28.18,30.71,26.01,8073,303.84,8534.0,6866.0,7223.0,3,6
2024-03-25,0.23,28.46,32.58,25.0,6782,303.0,8073.0,7873.0,7395.428571428572,3,0
2024-03-26,0.95,28.33,32.2,24.17,5834,302.28,6782.0,5697.0,7239.571428571428,3,1
2024-03-27,9.72,27.87,29.66,26.07,6205,301.21,5834.0,6831.0,7259.142857142857,3,2
2024-03-28,0.84,29.08,33.53,25.16,7621,301.14,6205.0,7492.0,7169.714285714285,3,3
2024-03-29,2.46,28.5,31.62,26.44,6150,300.96,7621.0,7268.0,7188.142857142857,3,4
2024-03-30,0.41,28.6,32.24,25.56,8129,300.96,6150.0,8534.0,7028.428571428572,3,5
2024-03-31,1.08,28.54,31.4,26.03,5409,300.96,8129.0,8073.0,6970.571428571428,3,6
2024-04-01,5.16,28.43,31.12,26.03,5363,300.57,5409.0,6782.0,6590.0,4,0
2024-04-02,7.98,28.82,32.11,26.32,4761,300.76,5363.0,5834.0,6387.285714285715,4,1
2024-04-03,4.94,28.82,32.08,26.46,5551,300.66,4761.0,6205.0,6234.0,4,2
2024-04-04,7.41,29.08,32.53,26.4,5618,299.98,5551.0,7621.0,6140.571428571428,4,3
2024-04-05,4.62,28.3,30.43,26.6,6174,299.94,5618.0,6150.0,5854.428571428572,4,4
2024-04-06,0.98,29.18,32.45,26.97,7157,299.94,6174.0,8129.0,5857.857142857143,4,5
2024-04-07,2.79,28.66,31.43,27.08,5173,299.94,7157.0,5409.0,5719.0,4,6
2024-04-08,1.58,29.18,32.57,26.38,5347,299.67,5173.0,5363.0,5685.285714285715,4,0
2024-04-09,0.45,29.65,34.02,26.0,5394,299.57,5347.0,4761.0,5683.0,4,1
2024-04-10,0.92,29.32,33.84,25.04,5281,299.07,5394.0,5551.0,5773.428571428572,4,2
2024-04-11,6.71,29.19,32.59,26.79,6582,299.51,5281.0,5618.0,5734.857142857143,4,3
2024-04-12,23.79,27.92,30.92,26.22,5200,300.05,6582.0,6174.0,5872.571428571428,4,4
2024-04-13,4.51,28.46,31.71,25.13,5256,300.05,5200.0,7157.0,5733.428571428572,4,5
2024-04-14,7.28,29.1,32.97,25.83,3411,300.05,5256.0,5173.0,5461.857142857143,4,6
2024-04-15,5.37,28.77,32.34,26.32,6263,300.06,3411.0,5347.0,5210.142857142857,4,0
2024-04-16,3.99,28.65,32.13,26.02,4563,300.35,6263.0,5394.0,5341.0,4,1
2024-04-17,1.83,28.7,31.65,26.36,3658,301.07,4563.0,5281.0,5222.285714285715,4,2
2024-04-18,0.89,28.81,31.91,26.71,3230,301.18,3658.0,6582.0,4990.428571428572,4,3
2024-04-19,0.64,28.71,30.72,27.0,4418,301.6,3230.0,5200.0,4511.571428571428,4,4
2024-04-20,6.29,29.02,31.35,27.38,4987,301.6,4418.0,5256.0,4399.857142857143,4,5
2024-04-21,8.12,29.15,32.02,27.26,4279,301.6,4987.0,3411.0,4361.428571428572,4,6
2024-04-22,5.74,28.65,30.76,27.29,4495,301.76,4279.0,6263.0,4485.428571428572,4,0
2024-04-23,6.95,28.9,31.37,26.92,3977,301.39,4495.0,4563.0,4232.857142857143,4,1
2024-04-24,5.3,28.67,30.89,26.93,4166,299.91,3977.0,3658.0,4149.142857142857,4,2
2024-04-25,1.42,28.79,31.42,27.0,4390,298.25,4166.0,3230.0,4221.714285714285,4,3
2024-04-26,0.7,28.73,31.62,26.0,4899,295.86,4390.0,4418.0,4387.428571428572,4,4
2024-04-27,9.83,29.2,32.66,26.75,5372,295.86,4899.0,4987.0,4456.142857142857,4,5
2024-04-28,5.16,29.05,32.07,26.92,4091,295.86,5372.0,4279.0,4511.142857142857,4,6
2024-04-29,7.85,28.86,30.85,27.32,5757,295.78,4091.0,4495.0,4484.285714285715,4,0
2024-04-30,15.33,28.23,30.07,26.85,4054,296.52,5757.0,3977.0,4664.571428571428,4,1
2024-05-01,2.86,28.75,31.49,26.44,5119,296.51,4054.0,4166.0,4675.571428571428,5,2
2024-05-02,0.51,29.2,31.61,27.39,4348,296.69,5119.0,4390.0,4811.714285714285,5,3
2024-05-03,0.66,29.43,31.73,27.56,4090,296.47,4348.0,4899.0,4805.714285714285,5,4
2024-05-04,0.46,29.24,31.46,27.57,4105,296.47,4090.0,5372.0,4690.142857142857,5,5
2024-05-05,3.24,29.02,31.02,27.28,4382,296.47,4105.0,4091.0,4509.142857142857,5,6
2024-05-06,4.93,29.22,31.16,27.76,3646,296.15,4382.0,5757.0,4550.714285714285,5,0
2024-05-07,6.57,28.92,30.6,27.75,2836,297.44,3646.0,4054.0,4249.142857142857,5,1
2024-05-08,5.11,29.06,31.25,27.69,3106,299.28,2836.0,5119.0,4075.1428571428573,5,2
2024-05-09,11.45,27.99,29.53,26.73,3583,299.44,3106.0,4348.0,3787.5714285714284,5,3
2024-05-10,8.49,27.72,29.65,26.28,3980,298.81,3583.0,4090.0,3678.285714285714,5,4
2024-05-11,5.81,28.66,31.71,26.53,3648,298.81,3980.0,4105.0,3662.5714285714284,5,5
2024-05-12,11.95,27.68,29.8,26.38,3199,298.81,3648.0,4382.0,3597.285714285714,5,6
2024-05-13,23.82,28.41,31.35,26.01,3125,298.01,3199.0,3646.0,3428.285714285714,5,0
2024-05-14,15.37,28.03,29.56,26.71,3072,298.66,3125.0,2836.0,3353.8571428571427,5,1
2024-05-15,14.19,27.94,29.6,26.76,5781,300.02,3072.0,3106.0,3387.5714285714284,5,2
2024-05-16,16.31,27.67,29.29,26.58,3699,301.72,5781.0,3583.0,3769.714285714286,5,3
2024-05-17,4.66,27.86,29.71,26.45,4005,300.8,3699.0,3980.0,3786.285714285714,5,4
2024-05-18,36.89,27.64,29.1,26.44,3997,300.8,4005.0,3648.0,3789.8571428571427,5,5
2024-05-19,27.78,27.81,28.96,26.9,3191,300.8,3997.0,3199.0,3839.714285714286,5,6
2024-05-20,12.28,27.78,29.36,26.79,3434,300.65,3191.0,3125.0,3838.5714285714284,5,0
2024-05-21,3.76,28.55,30.62,26.65,3085,300.64,3434.0,3072.0,3882.714285714286,5,1
2024-05-22,10.91,27.99,28.91,27.4,2750,300.49,3085.0,5781.0,3884.5714285714284,5,2
2024-05-23,12.02,27.9,29.19,27.19,3554,300.71,2750.0,3699.0,3451.5714285714284,5,3
2024-05-24,14.68,27.72,28.94,27.05,4180,300.9,3554.0,4005.0,3430.8571428571427,5,4
2024-05-25,14.4,27.85,28.89,27.17,3842,300.9,4180.0,3997.0,3455.8571428571427,5,5
2024-05-26,15.29,28.08,29.57,27.2,3133,300.9,3842.0,3191.0,3433.714285714286,5,6
2024-05-27,10.71,27.59,29.33,26.6,3140,301.02,3133.0,3434.0,3425.4285714285716,5,0
2024-05-28,5.46,27.6,29.39,26.34,2639,301.9,3140.0,3085.0,3383.4285714285716,5,1
2024-05-29,10.96,27.51,28.68,26.84,2739,301.61,2639.0,2750.0,3319.714285714286,5,2
2024-05-30,5.69,27.52,28.98,26.59,3257,302.02,2739.0,3554.0,3318.1428571428573,5,3
2024-05-31,5.13,27.46,28.8,26.4,3463,302.08,3257.0,4180.0,3275.714285714286,5,4
2024-06-01,10.4,27.68,29.21,26.73,3374,302.08,3463.0,3842.0,3173.285714285714,6,5
2024-06-02,40.2,26.9,28.34,25.73,3312,302.08,3374.0,3133.0,3106.4285714285716,6,6
2024-06-03,7.87,26.74,28.23,25.52,3199,302.41,3312.0,3140.0,3132.0,6,0
2024-06-04,4.58,27.26,29.05,26.1,3035,301.95,3199.0,2639.0,3140.4285714285716,6,1
2024-06-05,0.99,27.28,29.22,26.02,2746,302.53,3035.0,2739.0,3197.0,6,2
2024-06-06,1.92,27.39,29.21,25.96,3376,302.73,2746.0,3257.0,3198.0,6,3
2024-06-07,4.91,27.13,28.52,26.2,3713,302.66,3376.0,3463.0,3215.0,6,4
2024-06-08,3.46,27.43,29.27,26.21,3495,302.66,3713.0,3374.0,3250.714285714286,6,5
2024-06-09,8.95,27.24,28.56,26.49,3035,302.66,3495.0,3312.0,3268.0,6,6
2024-06-10,3.68,27.37,28.78,26.45,3132,303.08,3035.0,3199.0,3228.4285714285716,6,0
2024-06-11,1.01,27.45,28.96,26.4,2895,303.68,3132.0,3035.0,3218.8571428571427,6,1
2024-06-12,1.44,27.33,28.94,26.3,3224,303.64,2895.0,2746.0,3198.8571428571427,6,2
2024-06-13,0.85,27.32,28.89,25.9,4691,303.32,3224.0,3376.0,3267.1428571428573,6,3
2024-06-14,1.15,27.64,29.54,26.18,5602,304.44,4691.0,3713.0,3455.0,6,4
2024-06-15,3.12,27.43,28.84,26.58,5824,304.44,5602.0,3495.0,3724.8571428571427,6,5
2024-06-16,1.58,27.45,28.97,26.42,4180,304.44,5824.0,3035.0,4057.5714285714284,6,6
2024-06-17,0.54,27.64,29.6,25.93,3779,304.18,4180.0,3132.0,4221.142857142857,6,0
2024-06-18,3.09,27.42,28.99,26.36,3910,304.0,3779.0,2895.0,4313.571428571428,6,1
2024-06-19,4.57,27.2,28.55,26.34,3303,304.39,3910.0,3224.0,4458.571428571428,6,2
2024-06-20,7.5,27.09,28.57,26.12,3893,304.71,3303.0,4691.0,4469.857142857143,6,3
2024-06-21,5.68,27.16,29.06,25.7,3734,305.46,3893.0,5602.0,4355.857142857143,6,4
2024-06-22,9.81,26.94,28.46,25.79,3578,305.46,3734.0,5824.0,4089.0,6,5
2024-06-23,1.71,27.32,28.85,26.18,3353,305.46,3578.0,4180.0,3768.1428571428573,6,6
2024-06-24,8.38,27.3,28.9,26.11,3741,305.49,3353.0,3779.0,3650.0,6,0
2024-06-25,1.84,27.29,29.16,25.67,3542,305.1,3741.0,3910.0,3644.5714285714284,6,1
2024-06-26,6.16,26.53,27.73,25.37,3349,305.27,3542.0,3303.0,3592.0,6,2
2024-06-27,5.03,26.91,28.62,25.73,4357,305.45,3349.0,3893.0,3598.5714285714284,6,3
2024-06-28,2.56,27.09,29.03,25.56,4749,305.71,4357.0,3734.0,3664.8571428571427,6,4
2024-06-29,0.58,26.93,28.39,25.77,4942,305.71,4749.0,3578.0,3809.8571428571427,6,5
2024-06-30,2.86,27.11,28.84,25.61,4407,305.71,4942.0,3353.0,4004.714285714286,6,6
2024-07-01,3.56,27.11,28.92,25.48,5135,305.28,4407.0,3741.0,4155.285714285715,7,0
2024-07-02,1.17,26.96,28.85,25.38,5047,304.16,5135.0,3542.0,4354.428571428572,7,1
2024-07-03,2.66,27.14,28.73,25.95,4886,303.96,5047.0,3349.0,4569.428571428572,7,2
2024-07-04,5.07,27.13,29.16,25.67,6232,304.39,4886.0,4357.0,4789.0,7,3
2024-07-05,13.39,26.99,28.98,25.2,6835,304.22,6232.0,4749.0,5056.857142857143,7,4
2024-07-06,4.75,26.76,28.91,24.79,7550,304.22,6835.0,4942.0,5354.857142857143,7,5
2024-07-07,4.5,26.77,28.49,25.77,7518,304.22,7550.0,4407.0,5727.428571428572,7,6
2024-07-08,5.14,26.47,28.04,25.43,6937,304.09,7518.0,5135.0,6171.857142857143,7,0
2024-07-09,1.59,27.12,29.24,25.55,5953,304.45,6937.0,5047.0,6429.285714285715,7,1
2024-07-10,1.88,27.11,29.2,25.44,5014,304.07,5953.0,4886.0,6558.714285714285,7,2
2024-07-11,2.2,27.25,29.02,25.96,6040,303.88,5014.0,6232.0,6577.0,7,3
2024-07-12,5.86,27.33,28.74,26.11,5926,302.8,6040.0,6835.0,6549.571428571428,7,4
2024-07-13,3.99,26.6,27.61,25.39,6021,302.8,5926.0,7550.0,6419.714285714285,7,5
2024-07-14,3.79,27.03,29.13,25.11,6549,302.8,6021.0,7518.0,6201.285714285715,7,6
2024-07-15,7.09,27.14,28.91,25.93,5970,302.6,6549.0,6937.0,6062.857142857143,7,0
2024-07-16,1.37,26.99,28.75,25.67,5418,302.99,5970.0,5953.0,5924.714285714285,7,1
2024-07-17,2.59,26.87,28.56,25.67,6296,303.93,5418.0,5014.0,5848.285714285715,7,2
2024-07-18,2.96,26.43,28.02,25.35,6383,304.2,6296.0,6040.0,6031.428571428572,7,3
2024-07-19,1.83,26.87,28.54,25.34,6406,304.58,6383.0,5926.0,6080.428571428572,7,4
2024-07-20,0.62,27.09,29.04,25.7,6335,304.58,6406.0,6021.0,6149.0,7,5
2024-07-21,0.67,27.2,29.4,25.48,5841,304.58,6335.0,6549.0,6193.857142857143,7,6
2024-07-22,2.11,27.19,29.63,25.7,6293,304.49,5841.0,5970.0,6092.714285714285,7,0
2024-07-23,1.39,26.92,29.1,25.51,5729,304.43,6293.0,5418.0,6138.857142857143,7,1
2024-07-24,0.62,27.12,28.93,25.78,5994,304.16,5729.0,6296.0,6183.285714285715,7,2
2024-07-25,1.25,26.61,28.55,25.2,6332,304.15,5994.0,6383.0,6140.142857142857,7,3
2024-07-26,0.93,27.17,29.24,25.63,6235,303.99,6332.0,6406.0,6132.857142857143,7,4
2024-07-27,2.01,27.13,28.67,26.09,6135,303.99,6235.0,6335.0,6108.428571428572,7,5
2024-07-28,6.03,27.32,28.8,26.22,6082,303.99,6135.0,5841.0,6079.857142857143,7,6
2024-07-29,8.6,27.34,29.57,25.5,6209,301.98,6082.0,6293.0,6114.285714285715,7,0
2024-07-30,11.95,26.48,29.28,24.04,5565,303.38,6209.0,5729.0,6102.285714285715,7,1
2024-07-31,2.83,27.1,29.06,25.63,4944,301.55,5565.0,5994.0,6078.857142857143,7,2
2024-08-01,2.81,26.94,28.73,25.53,6751,303.06,4944.0,6332.0,5928.857142857143,8,3
2024-08-02,3.32,26.7,28.28,25.43,6593,302.97,6751.0,6235.0,5988.714285714285,8,4
2024-08-03,2.24,26.5,28.16,25.18,7191,302.97,6593.0,6135.0,6039.857142857143,8,5
2024-08-04,1.47,26.86,28.47,25.51,6354,302.97,7191.0,6082.0,6190.714285714285,8,6
2024-08-05,3.92,26.56,28.06,25.44,6486,302.78,6354.0,6209.0,6229.571428571428,8,0
2024-08-06,1.54,26.61,28.51,25.24,6844,302.75,6486.0,5565.0,6269.142857142857,8,1
2024-08-07,0.49,26.85,28.92,25.23,6398,302.52,6844.0,4944.0,6451.857142857143,8,2
2024-08-08,1.42,26.64,28.38,25.35,6533,300.47,6398.0,6751.0,6659.571428571428,8,3
2024-08-09,0.43,26.88,28.91,25.16,6621,299.93,6533.0,6593.0,6628.428571428572,8,4
2024-08-10,1.75,26.81,28.58,25.68,7200,299.93,6621.0,7191.0,6632.428571428572,8,5
2024-08-11,6.29,26.72,28.9,24.93,6402,299.93,7200.0,6354.0,6633.714285714285,8,6
2024-08-12,12.56,26.8,28.48,25.8,5850,300.69,6402.0,6486.0,6640.571428571428,8,0
2024-08-13,15.2,26.24,27.43,25.45,5689,298.86,5850.0,6844.0,6549.714285714285,8,1
2024-08-14,6.24,26.33,28.26,24.99,6721,298.72,5689.0,6398.0,6384.714285714285,8,2
2024-08-15,2.16,26.91,28.39,25.39,6986,298.63,6721.0,6533.0,6430.857142857143,8,3
2024-08-16,15.03,27.47,29.03,26.39,5275,298.14,6986.0,6621.0,6495.571428571428,8,4
2024-08-17,24.01,27.01,28.29,26.24,5265,298.14,5275.0,7200.0,6303.285714285715,8,5
2024-08-18,8.52,26.99,28.56,26.08,4525,298.14,5265.0,6402.0,6026.857142857143,8,6
2024-08-19,9.0,26.73,28.08,25.57,4139,298.13,4525.0,5850.0,5758.714285714285,8,0
2024-08-20,21.34,26.56,28.76,24.99,4525,298.34,4139.0,5689.0,5514.285714285715,8,1
2024-08-21,8.64,26.35,28.14,24.92,4623,299.48,4525.0,6721.0,5348.0,8,2
2024-08-22,0.48,26.06,27.83,24.58,4624,299.7,4623.0,6986.0,5048.285714285715,8,3
2024-08-23,0.76,26.64,29.36,24.73,4242,299.54,4624.0,5275.0,4710.857142857143,8,4
2024-08-24,0.76,26.5,28.31,24.95,4089,299.54,4242.0,5265.0,4563.285714285715,8,5
2024-08-25,0.58,26.67,28.55,25.31,3694,299.54,4089.0,4525.0,4395.285714285715,8,6
2024-08-26,0.09,27.15,29.37,25.63,3501,299.84,3694.0,4139.0,4276.571428571428,8,0
2024-08-27,0.04,26.78,28.57,25.55,3375,299.63,3501.0,4525.0,4185.428571428572,8,1
2024-08-28,0.18,26.86,28.63,25.38,2804,299.95,3375.0,4623.0,4021.1428571428573,8,2
2024-08-29,1.57,27.11,28.76,25.82,3649,300.04,2804.0,4624.0,3761.285714285714,8,3
2024-08-30,10.89,26.71,28.62,25.28,3842,299.52,3649.0,4242.0,3622.0,8,4
2024-08-31,3.84,26.69,28.27,25.25,3818,299.52,3842.0,4089.0,3564.8571428571427,8,5
2024-09-01,7.5,26.88,28.38,25.36,3877,299.52,3818.0,3694.0,3526.1428571428573,9,6
2024-09-02,10.19,27.19,28.95,26.05,4303,300.03,3877.0,3501.0,3552.285714285714,9,0
2024-09-03,5.6,26.51,27.88,25.63,4246,298.92,4303.0,3375.0,3666.8571428571427,9,1
2024-09-04,2.16,26.99,28.85,25.58,4868,298.71,4246.0,2804.0,3791.285714285714,9,2
2024-09-05,2.93,27.05,28.33,26.21,3779,298.17,4868.0,3649.0,4086.1428571428573,9,3
2024-09-06,2.45,27.15,28.83,25.82,4050,298.28,3779.0,3842.0,4104.714285714285,9,4
2024-09-07,2.84,27.18,28.49,26.16,4116,298.28,4050.0,3818.0,4134.428571428572,9,5
2024-09-08,3.14,27.18,28.82,26.2,3866,298.28,4116.0,3877.0,4177.0,9,6
2024-09-09,6.07,27.07,28.75,25.95,4076,299.4,3866.0,4303.0,4175.428571428572,9,0
2024-09-10,4.78,27.07,28.87,25.86,4176,300.04,4076.0,4246.0,4143.0,9,1
2024-09-11,7.5,26.99,28.65,25.66,3619,300.25,4176.0,4868.0,4133.0,9,2
2024-09-12,0.59,26.79,28.45,25.21,4228,300.65,3619.0,3779.0,3954.5714285714284,9,3
2024-09-13,1.06,27.11,29.41,25.11,5338,300.13,4228.0,4050.0,4018.714285714286,9,4
2024-09-14,1.71,27.08,28.71,25.83,4754,300.13,5338.0,4116.0,4202.714285714285,9,5
2024-09-15,1.08,27.13,28.94,25.71,3658,300.13,4754.0,3866.0,4293.857142857143,9,6
2024-09-16,0.98,27.28,29.17,26.01,3860,300.35,3658.0,4076.0,4264.142857142857,9,0
2024-09-17,0.34,27.27,28.92,26.18,3863,300.41,3860.0,4176.0,4233.285714285715,9,1
2024-09-18,0.83,27.17,29.0,25.86,3099,303.4,3863.0,3619.0,4188.571428571428,9,2
2024-09-19,0.44,27.19,28.99,25.81,3561,302.86,3099.0,4228.0,4114.285714285715,9,3
2024-09-20,0.44,27.05,29.26,25.5,4042,305.33,3561.0,5338.0,4019.0,9,4
2024-09-21,1.88,27.21,29.47,25.83,3987,305.33,4042.0,4754.0,3833.8571428571427,9,5
2024-09-22,1.54,27.24,29.22,26.13,3510,305.33,3987.0,3658.0,3724.285714285714,9,6
2024-09-23,0.41,27.27,29.4,25.89,3763,305.36,3510.0,3860.0,3703.1428571428573,9,0
2024-09-24,2.63,27.52,29.55,26.03,3944,304.54,3763.0,3863.0,3689.285714285714,9,1
2024-09-25,1.41,27.46,29.29,26.07,3372,301.16,3944.0,3099.0,3700.8571428571427,9,2
2024-09-26,2.25,27.51,29.49,26.14,4284,300.18,3372.0,3561.0,3739.8571428571427,9,3
2024-09-27,4.08,26.76,28.5,25.41,4814,299.55,4284.0,4042.0,3843.1428571428573,9,4
2024-09-28,4.88,27.5,30.45,25.13,4963,299.55,4814.0,3987.0,3953.4285714285716,9,5
2024-09-29,12.17,27.47,30.74,25.2,3994,299.55,4963.0,3510.0,4092.8571428571427,9,6
2024-09-30,9.05,27.49,30.59,24.77,4130,297.59,3994.0,3763.0,4162.0,9,0
2024-10-01,2.38,27.66,30.86,25.45,4531,296.7,4130.0,3944.0,4214.428571428572,10,1
2024-10-02,3.95,27.13,29.23,25.6,4375,295.55,4531.0,3372.0,4298.285714285715,10,2
2024-10-03,3.16,27.28,29.5,25.64,4269,295.8,4375.0,4284.0,4441.571428571428,10,3
2024-10-04,0.69,27.18,29.49,25.19,4503,295.28,4269.0,4814.0,4439.428571428572,10,4
2024-10-05,4.94,26.83,28.35,25.44,4280,295.28,4503.0,4963.0,4395.0,10,5
2024-10-06,5.13,25.76,27.15,24.67,4007,295.28,4280.0,3994.0,4297.428571428572,10,6
2024-10-07,30.2,25.87,26.93,25.06,3849,294.19,4007.0,4130.0,4299.285714285715,10,0
2024-10-08,15.11,25.76,27.25,24.84,3693,294.31,3849.0,4531.0,4259.142857142857,10,1
2024-10-09,6.39,26.44,28.56,24.85,3369,293.5,3693.0,4375.0,4139.428571428572,10,2
2024-10-10,13.66,26.28,27.57,25.2,4404,293.59,3369.0,4269.0,3995.714285714286,10,3
2024-10-11,19.05,26.07,27.38,25.03,5024,293.47,4404.0,4503.0,4015.0,10,4
2024-10-12,19.69,25.8,27.22,24.88,4859,293.47,5024.0,4280.0,4089.4285714285716,10,5
2024-10-13,8.94,26.15,28.01,24.78,4189,293.47,4859.0,4007.0,4172.142857142857,10,6
2024-10-14,16.47,25.6,26.83,24.83,4565,291.93,4189.0,3849.0,4198.142857142857,10,0
2024-10-15,2.46,26.4,28.38,24.56,3573,293.57,4565.0,3693.0,4300.428571428572,10,1
2024-10-16,4.12,26.86,28.58,25.58,3352,293.52,3573.0,3369.0,4283.285714285715,10,2
2024-10-17,0.61,27.06,29.14,25.37,4385,294.06,3352.0,4404.0,4280.857142857143,10,3
2024-10-18,0.11,27.1,29.35,25.56,5396,293.64,4385.0,5024.0,4278.142857142857,10,4
2024-10-19,0.66,26.68,28.29,25.42,5166,293.64,5396.0,4859.0,4331.285714285715,10,5
2024-10-20,6.06,26.86,28.59,25.35,4046,293.64,5166.0,4189.0,4375.142857142857,10,6
2024-10-21,8.95,27.01,28.65,25.73,4833,292.08,4046.0,4565.0,4354.714285714285,10,0
2024-10-22,6.6,27.09,28.76,25.87,4081,292.21,4833.0,3573.0,4393.0,10,1
2024-10-23,13.86,26.73,28.12,25.47,3871,293.71,4081.0,3352.0,4465.571428571428,10,2
2024-10-24,2.6,26.73,28.51,25.41,4213,294.14,3871.0,4385.0,4539.714285714285,10,3
2024-10-25,2.67,27.08,29.15,25.43,5556,294.35,4213.0,5396.0,4515.142857142857,10,4
2024-10-26,8.9,26.93,28.29,26.06,4800,294.35,5556.0,5166.0,4538.0,10,5
2024-10-27,7.87,26.7,28.06,25.86,3951,294.35,4800.0,4046.0,4485.714285714285,10,6
2024-10-28,1.24,26.95,28.48,25.81,4604,292.81,3951.0,4833.0,4472.142857142857,10,0
2024-10-29,0.46,27.16,28.75,25.85,4174,294.41,4604.0,4081.0,4439.428571428572,10,1
2024-10-30,0.4,27.11,28.77,25.99,4876,292.57,4174.0,3871.0,4452.714285714285,10,2
2024-10-31,0.32,27.0,28.91,25.59,5113,293.41,4876.0,4213.0,4596.285714285715,10,3
2024-11-01,5.61,26.99,28.98,25.43,6606,293.28,5113.0,5556.0,4724.857142857143,11,4
2024-11-02,34.35,26.4,28.45,24.95,6423,293.28,6606.0,4800.0,4874.857142857143,11,5
2024-11-03,24.39,26.66,29.38,24.36,6175,293.28,6423.0,3951.0,5106.714285714285,11,6
2024-11-04,15.09,26.59,28.81,25.0,6304,292.11,6175.0,4604.0,5424.428571428572,11,0
2024-11-05,14.96,26.18,27.83,24.99,5111,291.96,6304.0,4174.0,5667.285714285715,11,1
2024-11-06,1.41,26.69,29.64,24.11,5854,292.35,5111.0,4876.0,5801.142857142857,11,2
2024-11-07,5.19,26.7,29.12,24.39,5675,291.83,5854.0,5113.0,5940.857142857143,11,3
2024-11-08,23.92,26.75,27.87,25.72,6575,292.85,5675.0,6606.0,6021.142857142857,11,4
2024-11-09,8.36,26.92,29.25,25.17,5963,292.85,6575.0,6423.0,6016.714285714285,11,5
2024-11-10,0.15,26.68,29.6,24.08,7081,292.85,5963.0,6175.0,5951.0,11,6
2024-11-11,0.14,26.95,29.94,24.08,7240,291.58,7081.0,6304.0,6080.428571428572,11,0
2024-11-12,2.33,26.8,29.14,25.15,4889,293.52,7240.0,5111.0,6214.142857142857,11,1
2024-11-13,7.36,27.01,29.2,25.24,5062,293.17,4889.0,5854.0,6182.428571428572,11,2
2024-11-14,25.59,26.94,29.01,25.05,5196,291.7,5062.0,5675.0,6069.285714285715,11,3
2024-11-15,21.83,27.36,30.07,25.48,6490,291.4,5196.0,6575.0,6000.857142857143,11,4
2024-11-16,6.79,27.83,31.07,24.82,6136,291.4,6490.0,5963.0,5988.714285714285,11,5
2024-11-17,5.28,27.76,30.73,25.16,6535,291.4,6136.0,7081.0,6013.428571428572,11,6
2024-11-18,4.65,27.31,29.82,25.07,6217,291.16,6535.0,7240.0,5935.428571428572,11,0
2024-11-19,25.37,26.62,28.41,25.17,5282,290.57,6217.0,4889.0,5789.285714285715,11,1
2024-11-20,5.87,26.79,29.22,24.76,6147,290.5,5282.0,5062.0,5845.428571428572,11,2
2024-11-21,4.77,26.67,28.48,25.36,5569,290.75,6147.0,5196.0,6000.428571428572,11,3
2024-11-22,19.75,26.41,28.2,25.18,6915,291.16,5569.0,6490.0,6053.714285714285,11,4
2024-11-23,11.3,26.97,29.65,24.54,6136,291.16,6915.0,6136.0,6114.428571428572,11,5
2024-11-24,13.94,26.05,27.79,24.57,6088,291.16,6136.0,6535.0,6114.428571428572,11,6
2024-11-25,11.78,25.55,26.5,24.61,6052,290.76,6088.0,6217.0,6050.571428571428,11,0
2024-11-26,36.8,25.93,26.91,25.2,4453,291.14,6052.0,5282.0,6027.0,11,1
2024-11-27,9.0,25.95,26.43,25.21,5516,290.97,4453.0,6147.0,5908.571428571428,11,2
2024-11-28,1.69,25.96,27.25,25.18,6015,290.79,5516.0,5569.0,5818.428571428572,11,3
2024-11-29,3.04,26.16,27.81,25.16,7594,290.1,6015.0,6915.0,5882.142857142857,11,4
2024-11-30,6.65,26.34,27.56,25.29,8859,290.1,7594.0,6136.0,5979.142857142857,11,5
2024-12-01,0.24,26.67,28.66,24.95,6415,290.1,8859.0,6088.0,6368.142857142857,12,6
2024-12-02,0.09,26.47,28.71,24.61,7164,290.55,6415.0,6052.0,6414.857142857143,12,0
2024-12-03,0.06,26.95,29.31,24.92,4703,290.39,7164.0,4453.0,6573.714285714285,12,1
2024-12-04,0.37,27.2,30.16,24.56,5676,290.08,4703.0,5516.0,6609.428571428572,12,2
2024-12-05,3.98,26.69,29.2,24.5,5258,290.02,5676.0,6015.0,6632.285714285715,12,3
2024-12-06,0.81,25.98,28.11,23.73,6058,289.37,5258.0,7594.0,6524.142857142857,12,4
2024-12-07,0.22,26.67,29.96,23.35,5917,289.37,6058.0,8859.0,6304.714285714285,12,5
2024-12-08,5.97,26.41,29.08,24.3,5984,289.37,5917.0,6415.0,5884.428571428572,12,6
2024-12-09,0.81,26.16,29.38,23.11,6119,290.27,5984.0,7164.0,5822.857142857143,12,0
2024-12-10,0.46,26.19,28.7,23.61,5507,290.23,6119.0,4703.0,5673.571428571428,12,1
2024-12-11,1.15,26.4,28.72,24.43,9847,290.12,5507.0,5676.0,5788.428571428572,12,2
2024-12-12,10.87,26.25,28.51,24.34,6222,290.07,9847.0,5258.0,6384.285714285715,12,3
2024-12-13,20.32,26.75,28.83,25.27,7584,290.08,6222.0,6058.0,6522.0,12,4
2024-12-14,25.82,26.51,28.99,24.56,6863,290.08,7584.0,5917.0,6740.0,12,5
2024-12-15,2.16,26.0,28.81,24.14,7798,290.08,6863.0,5984.0,6875.142857142857,12,6
2024-12-16,11.98,25.93,27.91,24.04,8425,290.48,7798.0,6119.0,7134.285714285715,12,0
2024-12-17,1.02,25.87,27.52,24.7,7135,290.4,8425.0,5507.0,7463.714285714285,12,1
2024-12-18,1.95,26.27,28.68,24.3,7852,290.83,7135.0,9847.0,7696.285714285715,12,2
2024-12-19,7.81,26.56,28.6,25.04,8653,292.04,7852.0,6222.0,7411.285714285715,12,3
2024-12-20,3.13,26.83,28.63,25.5,10649,292.91,8653.0,7584.0,7758.571428571428,12,4
2024-12-21,5.35,27.02,28.35,25.83,10734,292.91,10649.0,6863.0,8196.42857142857,12,5
2024-12-22,3.07,26.8,28.82,25.35,10820,292.91,10734.0,7798.0,8749.42857142857,12,6
2024-12-23,0.25,26.21,28.84,24.1,11284,294.25,10820.0,8425.0,9181.142857142857,12,0
2024-12-24,0.0,25.77,28.55,22.89,9420,296.2,11284.0,7135.0,9589.57142857143,12,1
2024-12-25,0.0,26.02,28.62,23.68,9378,296.2,9420.0,7852.0,9916.0,12,2
2024-12-26,0.2,26.66,29.8,23.33,10493,296.17,9378.0,8653.0,10134.0,12,3
2024-12-27,2.06,26.92,29.76,24.44,11232,293.19,10493.0,10649.0,10396.857142857143,12,4
2024-12-28,1.14,26.57,29.78,24.13,10050,293.19,11232.0,10734.0,10480.142857142857,12,5
2024-12-29,0.72,25.96,28.59,23.32,9847,293.19,10050.0,10820.0,10382.42857142857,12,6
2024-12-30,4.64,26.86,30.1,24.07,8900,292.35,9847.0,11284.0,10243.42857142857,12,0
2024-12-31,6.72,26.56,29.45,24.36,6605,292.78,8900.0,9420.0,9902.857142857143,12,1
2025-01-01,14.9,25.9,28.55,24.25,6879,292.83,6605.0,9378.0,9500.714285714286,1,2
2025-01-02,4.42,25.4,28.33,23.68,9391,293.1,6879.0,10493.0,9143.714285714286,1,3
2025-01-03,0.52,25.26,28.67,23.07,8974,293.84,9391.0,11232.0,8986.285714285714,1,4
2025-01-04,0.11,25.43,29.11,22.48,6990,293.84,8974.0,10050.0,8663.714285714286,1,5
2025-01-05,0.2,25.58,29.17,22.5,7180,293.84,6990.0,9847.0,8226.57142857143,1,6
2025-01-06,0.02,25.56,28.8,22.56,8065,293.73,7180.0,8900.0,7845.571428571428,1,0
2025-01-07,0.04,25.87,29.03,22.63,7372,294.14,8065.0,6605.0,7726.285714285715,1,1
2025-01-08,0.52,25.86,28.68,23.27,8333,294.85,7372.0,6879.0,7835.857142857143,1,2
2025-01-09,1.88,26.06,29.45,23.36,7756,294.98,8333.0,9391.0,8043.571428571428,1,3
2025-01-10,3.24,26.1,29.04,24.17,8477,294.58,7756.0,8974.0,7810.0,1,4
2025-01-11,9.82,26.23,29.27,24.28,8373,294.58,8477.0,6990.0,7739.0,1,5
2025-01-12,16.22,25.95,28.58,23.96,8219,294.58,8373.0,7180.0,7936.571428571428,1,6
2025-01-13,3.23,25.97,28.92,23.9,8715,294.62,8219.0,8065.0,8085.0,1,0
2025-01-14,12.5,25.53,27.62,24.07,7687,294.07,8715.0,7372.0,8177.857142857143,1,1
2025-01-15,4.49,25.58,27.74,23.79,8196,294.29,7687.0,8333.0,8222.857142857143,1,2
2025-01-16,2.91,25.14,26.95,23.41,8050,295.1,8196.0,7756.0,8203.285714285714,1,3
2025-01-17,0.23,25.29,28.9,22.4,8710,295.53,8050.0,8477.0,8245.285714285714,1,4
2025-01-18,14.18,25.26,27.84,23.68,8322,295.53,8710.0,8373.0,8278.57142857143,1,5
2025-01-19,21.04,25.33,27.2,23.99,8069,295.53,8322.0,8219.0,8271.285714285714,1,6
2025-01-20,2.33,25.58,28.07,23.44,8511,295.61,8069.0,8715.0,8249.857142857143,1,0
2025-01-21,2.81,25.88,28.98,23.52,7615,296.22,8511.0,7687.0,8220.714285714286,1,1
2025-01-22,6.19,25.59,28.0,23.7,7516,296.85,7615.0,8196.0,8210.42857142857,1,2
2025-01-23,2.86,25.65,29.03,23.35,8091,297.06,7516.0,8050.0,8113.285714285715,1,3
2025-01-24,5.92,25.26,28.38,22.58,9788,296.73,8091.0,8710.0,8119.142857142857,1,4
2025-01-25,1.99,24.72,27.32,22.99,9224,296.73,9788.0,8322.0,8273.142857142857,1,5
2025-01-26,0.19,25.1,28.28,22.56,8332,296.73,9224.0,8069.0,8402.0,1,6
2025-01-27,0.94,24.75,28.55,21.58,8769,297.07,8332.0,8511.0,8439.57142857143,1,0
2025-01-28,2.43,23.6,26.02,21.34,7608,296.54,8769.0,7615.0,8476.42857142857,1,1
2025-01-29,9.27,23.96,26.76,21.19,7383,296.1,7608.0,7516.0,8475.42857142857,1,2
2025-01-30,10.67,26.65,29.61,24.1,7790,296.24,7383.0,8091.0,8456.42857142857,1,3
2025-01-31,5.95,26.85,29.62,24.69,8376,297.09,7790.0,9788.0,8413.42857142857,1,4
2025-02-01,3.09,26.48,29.9,23.32,9099,297.09,8376.0,9224.0,8211.714285714286,2,5
2025-02-02,0.37,26.3,29.98,22.92,9096,297.09,9099.0,8332.0,8193.857142857143,2,6
2025-02-03,0.16,25.98,29.84,22.61,9974,298.17,9096.0,8769.0,8303.0,2,0
2025-02-04,0.06,25.51,29.67,21.28,7897,297.51,9974.0,7608.0,8475.142857142857,2,1
2025-02-05,0.53,25.8,29.23,22.62,8224,297.68,7897.0,7383.0,8516.42857142857,2,2
2025-02-06,0.08,25.97,30.18,22.43,8236,299.25,8224.0,7790.0,8636.57142857143,2,3
2025-02-07,0.01,25.06,29.47,21.44,9138,298.41,8236.0,8376.0,8700.285714285714,2,4
2025-02-08,0.0,24.94,29.18,21.15,9174,298.41,9138.0,9099.0,8809.142857142857,2,5
2025-02-09,0.0,24.82,28.95,21.48,8837,298.41,9174.0,9096.0,8819.857142857143,2,6
2025-02-10,0.0,25.09,29.56,20.8,9300,298.26,8837.0,9974.0,8782.857142857143,2,0
2025-02-11,0.03,26.16,30.41,22.17,7730,296.42,9300.0,7897.0,8686.57142857143,2,1
2025-02-12,0.01,26.29,30.52,22.67,7836,296.44,7730.0,8224.0,8662.714285714286,2,2
2025-02-13,0.0,25.46,30.11,21.18,10497,295.8,7836.0,8236.0,8607.285714285714,2,3
2025-02-14,0.0,25.12,29.2,20.62,9789,296.38,10497.0,9138.0,8930.285714285714,2,4
2025-02-15,0.02,25.46,29.74,21.55,9040,296.38,9789.0,9174.0,9023.285714285714,2,5
2025-02-16,0.05,26.12,30.3,22.68,7942,296.38,9040.0,8837.0,9004.142857142857,2,6
2025-02-17,0.11,26.32,30.8,22.17,9323,294.47,7942.0,9300.0,8876.285714285714,2,0
2025-02-18,0.16,26.28,30.38,22.92,7964,294.64,9323.0,7730.0,8879.57142857143,2,1
2025-02-19,0.07,26.33,30.45,22.51,8003,295.76,7964.0,7836.0,8913.0,2,2
2025-02-20,0.06,26.64,30.47,22.74,8333,295.91,8003.0,10497.0,8936.857142857143,2,3
2025-02-21,0.06,26.77,30.94,22.86,9001,295.51,8333.0,9789.0,8627.714285714286,2,4
2025-02-22,0.04,26.48,30.55,22.68,10815,295.51,9001.0,9040.0,8515.142857142857,2,5
2025-02-23,0.02,26.28,31.22,21.84,8738,295.51,10815.0,7942.0,8768.714285714286,2,6
2025-02-24,0.07,26.45,31.0,22.54,8851,295.29,8738.0,9323.0,8882.42857142857,2,0
2025-02-25,3.85,26.84,30.58,23.68,6569,295.36,8851.0,7964.0,8815.0,2,1
2025-02-26,10.88,27.24,30.97,24.38,6450,295.38,6569.0,8003.0,8615.714285714286,2,2
2025-02-27,8.41,27.07,29.6,25.16,6482,295.21,6450.0,8333.0,8393.857142857143,2,3
2025-02-28,21.0,27.4,30.79,25.01,7879,295.97,6482.0,9001.0,8129.428571428572,2,4
2025-03-01,27.91,26.87,29.12,25.25,7667,295.97,7879.0,10815.0,7969.142857142857,3,5
2025-03-02,55.06,26.89,30.02,24.75,8375,295.97,7667.0,8738.0,7519.428571428572,3,6
2025-03-03,10.56,26.67,29.34,24.43,8187,295.6,8375.0,8851.0,7467.571428571428,3,0
2025-03-04,0.36,26.87,30.24,23.52,6595,295.55,8187.0,6569.0,7372.714285714285,3,1
2025-03-05,0.05,27.59,31.18,24.06,6945,294.26,6595.0,6450.0,7376.428571428572,3,2
2025-03-06,0.19,27.11,30.63,24.02,7311,294.94,6945.0,6482.0,7447.142857142857,3,3
2025-03-07,0.0,26.53,30.38,22.45,8033,294.69,7311.0,7879.0,7565.571428571428,3,4
2025-03-08,0.0,26.4,29.66,23.64,9073,294.69,8033.0,7667.0,7587.571428571428,3,5
2025-03-09,0.06,26.04,30.39,21.6,8263,294.69,9073.0,8375.0,7788.428571428572,3,6
2025-03-10,5.89,26.32,29.77,23.13,7439,295.31,8263.0,8187.0,7772.428571428572,3,0
2025-03-11,53.54,26.07,27.57,24.44,6127,294.99,7439.0,6595.0,7665.571428571428,3,1
2025-03-12,3.36,26.92,30.42,23.41,6383,295.35,6127.0,6945.0,7598.714285714285,3,2
2025-03-13,3.75,27.52,30.37,24.79,7457,295.66,6383.0,7311.0,7518.428571428572,3,3
2025-03-14,5.6,27.18,29.82,24.95,7897,295.63,7457.0,8033.0,7539.285714285715,3,4
2025-03-15,4.11,27.43,30.41,25.02,7778,295.63,7897.0,9073.0,7519.857142857143,3,5
2025-03-16,8.25,27.43,29.7,24.86,7752,295.63,7778.0,8263.0,7334.857142857143,3,6
2025-03-17,8.79,27.49,30.2,24.77,8002,295.97,7752.0,7439.0,7261.857142857143,3,0
2025-03-18,5.22,27.48,30.22,25.05,6589,295.55,8002.0,6127.0,7342.285714285715,3,1
2025-03-19,6.69,27.56,29.99,25.56,6594,295.86,6589.0,6383.0,7408.285714285715,3,2
2025-03-20,0.81,27.92,31.43,24.58,6516,296.19,6594.0,7457.0,7438.428571428572,3,3
2025-03-21,7.53,28.16,31.35,25.31,8228,296.79,6516.0,7897.0,7304.0,3,4
2025-03-22,7.12,28.27,31.67,25.35,7479,296.79,8228.0,7778.0,7351.285714285715,3,5
2025-03-23,1.82,27.94,31.74,24.51,7627,296.79,7479.0,7752.0,7308.571428571428,3,6
2025-03-24,2.22,27.83,31.69,24.03,7058,296.47,7627.0,8002.0,7290.714285714285,3,0
2025-03-25,9.44,28.0,31.3,24.93,5789,296.41,7058.0,6589.0,7155.857142857143,3,1
2025-03-26,13.31,27.39,30.12,24.35,6819,296.13,5789.0,6594.0,7041.571428571428,3,2
2025-03-27,5.95,27.22,29.15,25.43,7010,296.42,6819.0,6516.0,7073.714285714285,3,3
2025-03-28,1.71,27.43,29.66,25.57,8619,296.2,7010.0,8228.0,7144.285714285715,3,4
2025-03-29,5.65,27.85,30.55,25.48,8259,296.2,8619.0,7479.0,7200.142857142857,3,5
2025-03-30,0.72,28.11,31.37,24.96,7143,296.2,8259.0,7627.0,7311.571428571428,3,6
2025-03-31,1.13,27.71,30.56,24.99,6284,295.9,7143.0,7058.0,7242.428571428572,3,0
2025-04-01,10.79,27.14,29.18,25.55,6053,296.2,6284.0,5789.0,7131.857142857143,4,1
2025-04-02,11.45,27.06,29.55,24.74,6321,295.93,6053.0,6819.0,7169.571428571428,4,2
2025-04-03,19.1,27.62,30.36,25.7,6178,295.65,6321.0,7010.0,7098.428571428572,4,3
2025-04-04,41.75,27.85,30.92,24.93,6516,296.25,6178.0,8619.0,6979.571428571428,4,4
2025-04-05,11.4,26.98,28.36,26.15,6934,296.25,6516.0,8259.0,6679.142857142857,4,5
2025-04-06,15.22,27.37,29.0,25.99,6613,296.25,6934.0,7143.0,6489.857142857143,4,6
2025-04-07,12.27,27.33,28.61,26.24,6293,297.17,6613.0,6284.0,6414.142857142857,4,0
2025-04-08,11.22,27.44,29.12,26.27,5634,298.1,6293.0,6053.0,6415.428571428572,4,1
2025-04-09,7.76,26.79,27.73,26.05,6027,299.69,5634.0,6321.0,6355.571428571428,4,2
2025-04-10,8.44,27.47,29.49,25.76,6192,298.34,6027.0,6178.0,6313.571428571428,4,3
2025-04-11,7.05,27.44,29.19,26.3,6348,296.75,6192.0,6516.0,6315.571428571428,4,4
2025-04-12,2.79,27.42,28.99,26.19,7585,296.75,6348.0,6934.0,6291.571428571428,4,5
2025-04-13,3.38,27.55,29.14,26.17,6307,296.75,7585.0,6613.0,6384.571428571428,4,6
2025-04-14,8.37,27.63,29.36,26.46,6063,297.87,6307.0,6293.0,6340.857142857143,4,0
2025-04-15,6.86,27.71,29.71,25.89,4851,297.76,6063.0,5634.0,6308.0,4,1
2025-04-16,3.07,27.23,28.57,26.37,5460,298.11,4851.0,6027.0,6196.142857142857,4,2
2025-04-17,0.65,27.41,29.29,25.8,6491,298.29,5460.0,6192.0,6115.142857142857,4,3
2025-04-18,2.52,27.58,29.57,25.99,7170,298.23,6491.0,6348.0,6157.857142857143,4,4
2025-04-19,2.35,27.62,29.71,26.09,5791,298.23,7170.0,7585.0,6275.285714285715,4,5
2025-04-20,4.07,27.81,29.65,26.29,5118,298.23,5791.0,6307.0,6019.0,4,6
2025-04-21,6.77,27.6,29.11,26.28,5204,298.64,5118.0,6063.0,5849.142857142857,4,0
2025-04-22,8.1,27.18,29.09,25.6,4830,298.76,5204.0,4851.0,5726.428571428572,4,1
2025-04-23,7.77,26.88,28.66,25.37,5164,298.98,4830.0,5460.0,5723.428571428572,4,2
2025-04-24,6.61,27.28,29.13,25.8,5177,299.52,5164.0,6491.0,5681.142857142857,4,3
2025-04-25,6.05,27.59,29.28,26.29,5655,299.18,5177.0,7170.0,5493.428571428572,4,4
2025-04-26,13.62,27.55,29.42,26.35,5661,299.18,5655.0,5791.0,5277.0,4,5
2025-04-27,16.02,27.37,29.17,25.87,5469,299.18,5661.0,5118.0,5258.428571428572,4,6
2025-04-28,19.68,26.67,28.37,25.43,4008,299.37,5469.0,5204.0,5308.571428571428,4,0
2025-04-29,8.24,27.4,29.9,25.11,4194,299.3,4008.0,4830.0,5137.714285714285,4,1
2025-04-30,18.53,27.05,28.74,25.8,5301,299.22,4194.0,5164.0,5046.857142857143,4,2
2025-05-01,5.28,27.41,29.96,25.21,6311,299.22,5301.0,5177.0,5066.428571428572,5,3
2025-05-02,4.44,27.65,29.99,26.0,5505,299.35,6311.0,5655.0,5228.428571428572,5,4
2025-05-03,4.59,27.27,29.04,25.81,4591,299.35,5505.0,5661.0,5207.0,5,5
2025-05-04,4.35,27.7,29.1,26.4,4115,299.35,4591.0,5469.0,5054.142857142857,5,6
2025-05-05,12.43,27.7,29.31,26.39,4246,299.39,4115.0,4008.0,4860.714285714285,5,0
2025-05-06,10.05,27.61,29.6,26.33,4248,299.24,4246.0,4194.0,4894.714285714285,5,1
2025-05-07,12.26,26.83,28.08,25.7,4895,299.28,4248.0,5301.0,4902.428571428572,5,2
2025-05-08,8.72,27.43,29.36,25.72,3961,299.26,4895.0,6311.0,4844.428571428572,5,3
2025-05-09,4.68,27.84,29.88,25.95,4594,298.79,3961.0,5505.0,4508.714285714285,5,4
2025-05-10,2.21,27.9,29.56,26.58,4495,298.79,4594.0,4591.0,4378.571428571428,5,5
2025-05-11,1.31,27.64,29.84,25.93,5864,298.79,4495.0,4115.0,4364.857142857143,5,6
2025-05-12,2.63,27.98,29.88,26.37,3377,298.92,5864.0,4246.0,4614.714285714285,5,0
2025-05-13,3.44,28.13,29.65,27.08,3553,298.86,3377.0,4248.0,4490.571428571428,5,1
2025-05-14,3.53,27.95,29.43,26.62,3573,298.48,3553.0,4895.0,4391.285714285715,5,2
2025-05-15,5.25,27.82,30.7,25.87,4021,298.31,3573.0,3961.0,4202.428571428572,5,3
2025-05-16,5.55,27.91,29.91,25.99,4494,298.36,4021.0,4594.0,4211.0,5,4
2025-05-17,16.31,27.41,28.98,26.08,4364,298.36,4494.0,4495.0,4196.714285714285,5,5
2025-05-18,16.57,27.64,29.39,26.04,4214,298.36,4364.0,5864.0,4178.0,5,6
2025-05-19,10.15,27.43,28.64,26.54,4071,299.13,4214.0,3377.0,3942.285714285714,5,0
2025-05-20,7.14,27.73,29.52,26.5,3767,298.91,4071.0,3553.0,4041.4285714285716,5,1
2025-05-21,3.53,27.52,29.29,25.93,3526,299.6,3767.0,3573.0,4072.0,5,2
2025-05-22,1.82,27.95,29.88,26.47,4124,299.17,3526.0,4021.0,4065.285714285714,5,3
2025-05-23,7.39,27.76,29.34,26.38,4803,299.04,4124.0,4494.0,4080.0,5,4
2025-05-24,16.98,26.96,28.16,25.44,4314,299.04,4803.0,4364.0,4124.142857142857,5,5
2025-05-25,12.46,27.34,29.06,25.6,4186,299.04,4314.0,4214.0,4117.0,5,6
2025-05-26,9.08,27.52,28.73,26.5,3768,298.88,4186.0,4071.0,4113.0,5,0
2025-05-27,19.94,27.28,28.3,26.05,3504,299.24,3768.0,3767.0,4069.714285714286,5,1
2025-05-28,15.14,27.65,28.7,26.91,3636,299.37,3504.0,3526.0,4032.1428571428573,5,2
2025-05-29,15.56,27.51,28.97,25.89,3953,299.43,3636.0,4124.0,4047.8571428571427,5,3
2025-05-30,8.57,27.33,28.76,26.24,4528,299.03,3953.0,4803.0,4023.4285714285716,5,4
2025-05-31,12.78,26.86,27.78,25.81,4318,299.03,4528.0,4314.0,3984.1428571428573,5,5
2025-06-01,3.56,27.21,28.58,26.31,3898,299.03,4318.0,4186.0,3984.714285714286,6,6
2025-06-02,0.96,27.25,29.16,25.93,3752,298.8,3898.0,3768.0,3943.5714285714284,6,0
2025-06-03,0.88,27.2,28.78,25.77,4064,298.98,3752.0,3504.0,3941.285714285714,6,1
2025-06-04,3.4,27.11,28.5,25.97,4158,298.96,4064.0,3636.0,4021.285714285714,6,2
2025-06-05,2.27,27.34,29.14,26.18,5421,299.16,4158.0,3953.0,4095.8571428571427,6,3
2025-06-06,0.46,27.34,29.13,26.02,5211,299.19,5421.0,4528.0,4305.571428571428,6,4
2025-06-07,0.08,27.16,28.75,25.95,5043,299.19,5211.0,4318.0,4403.142857142857,6,5
2025-06-08,0.02,27.31,29.27,25.86,4535,299.19,5043.0,3898.0,4506.714285714285,6,6
2025-06-09,0.47,27.19,28.95,25.83,3911,298.9,4535.0,3752.0,4597.714285714285,6,0
2025-06-10,13.24,27.15,28.75,26.05,3969,298.82,3911.0,4064.0,4620.428571428572,6,1
2025-06-11,13.23,26.48,27.53,25.76,3551,298.65,3969.0,4158.0,4606.857142857143,6,2
2025-06-12,3.84,27.12,28.85,25.52,4014,298.37,3551.0,5421.0,4520.142857142857,6,3
2025-06-13,10.19,27.08,28.37,26.14,4122,298.59,4014.0,5211.0,4319.142857142857,6,4
2025-06-14,22.41,26.44,27.53,25.64,4138,298.59,4122.0,5043.0,4163.571428571428,6,5
2025-06-15,8.98,26.54,28.21,25.22,4069,298.59,4138.0,4535.0,4034.285714285714,6,6
2025-06-16,11.59,26.62,28.55,25.12,3678,299.65,4069.0,3911.0,3967.714285714286,6,0
2025-06-17,4.7,26.72,28.75,25.23,3533,299.9,3678.0,3969.0,3934.4285714285716,6,1
2025-06-18,1.53,26.46,28.23,25.36,3503,300.27,3533.0,3551.0,3872.1428571428573,6,2
2025-06-19,3.47,26.84,28.51,25.53,4098,300.31,3503.0,4014.0,3865.285714285714,6,3
2025-06-20,2.93,26.66,27.95,25.69,4836,300.27,4098.0,4122.0,3877.285714285714,6,4
2025-06-21,2.22,26.77,27.89,25.8,4906,300.27,4836.0,4138.0,3979.285714285714,6,5
2025-06-22,1.52,26.71,27.91,25.79,5076,300.27,4906.0,4069.0,4089.0,6,6
2025-06-23,1.48,26.84,28.95,25.28,5083,300.13,5076.0,3678.0,4232.857142857143,6,0
2025-06-24,0.91,26.7,28.34,25.31,4993,300.25,5083.0,3533.0,4433.571428571428,6,1
2025-06-25,2.09,26.92,28.32,25.82,5807,299.82,4993.0,3503.0,4642.142857142857,6,2
2025-06-26,7.62,26.83,28.28,25.47,7100,299.5,5807.0,4098.0,4971.285714285715,6,3
2025-06-27,3.06,26.65,28.63,25.25,6012,299.04,7100.0,4836.0,5400.142857142857,6,4
2025-06-28,2.29,26.62,28.12,25.41,5617,299.04,6012.0,4906.0,5568.142857142857,6,5
2025-06-29,0.68,26.81,28.58,25.46,5101,299.04,5617.0,5076.0,5669.714285714285,6,6
2025-06-30,0.16,26.94,28.82,25.39,5042,299.7,5101.0,5083.0,5673.285714285715,6,0
2025-07-01,0.18,26.87,28.21,25.79,5335,299.39,5042.0,4993.0,5667.428571428572,7,1
2025-07-02,0.18,26.86,28.34,25.61,5046,299.55,5335.0,5807.0,5716.285714285715,7,2
2025-07-03,0.49,26.73,28.23,25.47,6640,299.72,5046.0,7100.0,5607.571428571428,7,3
2025-07-04,0.69,26.98,29.02,25.27,6325,299.83,6640.0,6012.0,5541.857142857143,7,4
2025-07-05,0.46,27.02,28.83,25.63,6775,299.83,6325.0,5617.0,5586.571428571428,7,5
2025-07-06,0.91,26.76,28.03,25.7,5881,299.83,6775.0,5101.0,5752.0,7,6
2025-07-07,0.25,26.87,28.31,25.85,6231,299.97,5881.0,5042.0,5863.428571428572,7,0
2025-07-08,0.24,27.02,28.58,25.88,6067,300.19,6231.0,5335.0,6033.285714285715,7,1
2025-07-09,0.4,27.09,28.81,25.8,5047,300.13,6067.0,5046.0,6137.857142857143,7,2
2025-07-10,0.68,27.02,28.5,26.07,6322,300.36,5047.0,6640.0,6138.0,7,3
2025-07-11,0.45,27.03,28.5,25.92,6722,300.3,6322.0,6325.0,6092.571428571428,7,4
2025-07-12,0.49,26.9,28.28,26.01,6952,300.3,6722.0,6775.0,6149.285714285715,7,5
2025-07-13,0.45,26.32,27.43,25.53,6428,300.3,6952.0,5881.0,6174.571428571428,7,6
2025-07-14,0.35,26.45,27.96,25.36,6724,300.42,6428.0,6231.0,6252.714285714285,7,0
2025-07-15,1.56,26.83,28.75,25.55,6456,300.89,6724.0,6067.0,6323.142857142857,7,1
2025-07-16,3.62,26.06,27.45,24.85,5814,300.49,6456.0,5047.0,6378.714285714285,7,2
2025-07-17,5.5,26.27,28.4,24.9,6795,301.08,5814.0,6322.0,6488.285714285715,7,3
2025-07-18,5.37,26.17,27.85,25.06,6944,301.12,6795.0,6722.0,6555.857142857143,7,4
2025-07-19,4.72,25.95,27.43,24.87,7167,301.12,6944.0,6952.0,6587.571428571428,7,5
2025-07-20,4.59,25.46,26.34,24.66,6337,301.12,7167.0,6428.0,6618.285714285715,7,6
2025-07-21,11.31,25.83,27.36,24.74,6956,300.95,6337.0,6724.0,6605.285714285715,7,0
2025-07-22,4.79,26.07,27.4,24.93,6312,300.88,6956.0,6456.0,6638.428571428572,7,1
2025-07-23,9.71,25.92,27.38,24.62,5912,301.35,6312.0,5814.0,6617.857142857143,7,2
2025-07-24,4.96,25.97,27.17,25.21,6930,301.45,5912.0,6795.0,6631.857142857143,7,3
2025-07-25,2.49,25.89,27.69,24.59,7521,301.42,6930.0,6944.0,6651.142857142857,7,4
2025-07-26,6.52,25.37,26.83,24.36,7579,301.42,7521.0,7167.0,6733.571428571428,7,5
2025-07-27,1.53,25.49,27.43,24.12,6692,301.42,7579.0,6337.0,6792.428571428572,7,6
2025-07-28,0.34,26.12,28.63,24.1,6737,301.35,6692.0,6956.0,6843.142857142857,7,0
2025-07-29,0.4,26.33,28.25,25.22,6387,301.43,6737.0,6312.0,6811.857142857143,7,1
2025-07-30,0.43,26.38,28.6,24.64,6070,301.68,6387.0,5912.0,6822.571428571428,7,2
2025-07-31,0.1,26.21,28.12,25.12,7140,302.15,6070.0,6930.0,6845.142857142857,7,3
2025-08-01,8.43,25.97,28.04,24.75,8140,302.4,7140.0,7521.0,6875.142857142857,8,4
2025-08-02,10.63,25.59,27.46,24.53,8481,302.4,8140.0,7579.0,6963.571428571428,8,5
2025-08-03,14.38,25.24,26.3,24.6,7711,302.4,8481.0,6692.0,7092.428571428572,8,6
2025-08-04,1.7,25.56,27.49,24.12,8441,300.94,7711.0,6737.0,7238.0,8,0
2025-08-05,0.67,25.7,27.47,24.76,7274,300.44,8441.0,6387.0,7481.428571428572,8,1
2025-08-06,0.21,25.8,27.87,24.36,6494,300.55,7274.0,6070.0,7608.142857142857,8,2
2025-08-07,0.47,25.65,26.98,24.52,7676,299.7,6494.0,7140.0,7668.714285714285,8,3
2025-08-08,0.6,25.91,27.63,24.67,7223,299.89,7676.0,8140.0,7745.285714285715,8,4
2025-08-09,1.77,25.91,27.61,24.48,8204,299.89,7223.0,8481.0,7614.285714285715,8,5
2025-08-10,1.41,25.91,27.56,24.63,7838,299.89,8204.0,7711.0,7574.714285714285,8,6
2025-08-11,3.23,25.82,27.5,24.7,6605,300.38,7838.0,8441.0,7592.857142857143,8,0
2025-08-12,5.75,25.58,27.35,24.63,7188,300.07,6605.0,7274.0,7330.571428571428,8,1
2025-08-13,0.68,25.97,27.72,24.63,8131,300.45,7188.0,6494.0,7318.285714285715,8,2
2025-08-14,1.84,26.11,27.8,24.83,7987,301.09,8131.0,7676.0,7552.142857142857,8,3
2025-08-15,2.9,26.26,28.14,24.97,7998,301.17,7987.0,7223.0,7596.571428571428,8,4
2025-08-16,2.67,26.11,27.46,25.07,7367,301.17,7998.0,8204.0,7707.285714285715,8,5
2025-08-17,5.4,26.31,27.81,25.36,6468,301.17,7367.0,7838.0,7587.714285714285,8,6
2025-08-18,2.99,26.28,27.71,25.36,5833,300.62,6468.0,6605.0,7392.0,8,0
2025-08-19,0.49,26.37,28.47,24.91,5713,300.57,5833.0,7188.0,7281.714285714285,8,1
2025-08-20,0.1,26.36,28.63,24.65,5983,301.14,5713.0,8131.0,7071.0,8,2
2025-08-21,0.19,26.21,28.74,24.41,5080,301.33,5983.0,7987.0,6764.142857142857,8,3
2025-08-22,0.38,26.25,28.36,24.93,5235,301.74,5080.0,7998.0,6348.857142857143,8,4
2025-08-23,0.62,26.15,27.94,24.77,5038,301.74,5235.0,7367.0,5954.142857142857,8,5
2025-08-24,0.45,26.27,27.98,24.96,4658,301.74,5038.0,6468.0,5621.428571428572,8,6
2025-08-25,0.38,26.92,29.38,25.07,4007,301.71,4658.0,5833.0,5362.857142857143,8,0
2025-08-26,0.51,26.77,28.78,25.34,4250,301.45,4007.0,5713.0,5102.0,8,1
2025-08-27,5.16,26.83,28.96,25.23,3946,302.0,4250.0,5983.0,4893.0,8,2
2025-08-28,3.89,26.68,28.45,25.59,4369,301.47,3946.0,5080.0,4602.0,8,3
2025-08-29,1.7,26.71,28.47,25.5,4150,301.78,4369.0,5235.0,4500.428571428572,8,4
2025-08-30,1.27,26.29,28.35,25.03,5022,301.78,4150.0,5038.0,4345.428571428572,8,5
2025-08-31,0.84,26.44,28.34,24.94,5725,301.78,5022.0,4658.0,4343.142857142857,8,6
2025-09-01,1.53,26.45,28.5,25.03,5278,301.3,5725.0,4007.0,4495.571428571428,9,0
2025-09-02,1.05,26.25,28.02,24.82,5414,301.3,5278.0,4250.0,4677.142857142857,9,1
2025-09-03,0.92,26.39,28.4,24.94,4796,301.46,5414.0,3946.0,4843.428571428572,9,2
2025-09-04,0.45,26.58,29.04,24.98,5940,301.56,4796.0,4369.0,4964.857142857143,9,3
2025-09-05,0.13,26.4,28.47,24.78,5596,301.31,5940.0,4150.0,5189.285714285715,9,4
2025-09-06,0.1,26.61,28.82,24.8,5222,301.31,5596.0,5022.0,5395.857142857143,9,5
2025-09-07,0.18,26.91,29.05,25.44,5249,301.31,5222.0,5725.0,5424.428571428572,9,6
2025-09-08,3.7,26.54,28.29,25.21,4936,301.12,5249.0,5278.0,5356.428571428572,9,0
2025-09-09,10.55,26.53,28.33,25.37,5098,301.18,4936.0,5414.0,5307.571428571428,9,1
2025-09-10,7.1,26.58,28.69,25.33,4716,301.54,5098.0,4796.0,5262.428571428572,9,2
2025-09-11,6.77,26.54,28.21,25.14,5495,301.73,4716.0,5940.0,5251.0,9,3
2025-09-12,1.51,26.85,29.1,25.39,6080,301.12,5495.0,5596.0,5187.428571428572,9,4
2025-09-13,1.15,26.93,29.15,25.28,5953,301.12,6080.0,5222.0,5256.571428571428,9,5
2025-09-14,0.66,26.73,28.73,25.28,5585,301.12,5953.0,5249.0,5361.0,9,6
2025-09-15,1.32,26.72,28.77,25.31,5029,301.11,5585.0,4936.0,5409.0,9,0
2025-09-16,4.51,26.41,27.8,25.27,5380,301.06,5029.0,5098.0,5422.285714285715,9,1
2025-09-17,9.2,26.81,28.83,25.38,4625,301.36,5380.0,4716.0,5462.571428571428,9,2
2025-09-18,28.4,26.42,27.93,25.26,5447,301.57,4625.0,5495.0,5449.571428571428,9,3
2025-09-19,8.96,26.36,27.6,25.42,5389,302.04,5447.0,6080.0,5442.714285714285,9,4
2025-09-20,3.58,26.52,28.38,25.03,5954,302.04,5389.0,5953.0,5344.0,9,5
2025-09-21,2.71,26.51,28.31,25.4,4642,302.04,5954.0,5585.0,5344.142857142857,9,6
2025-09-22,7.24,26.83,28.74,25.28,4614,301.96,4642.0,5029.0,5209.428571428572,9,0
2025-09-23,3.86,26.95,28.62,25.88,5379,301.56,4614.0,5380.0,5150.142857142857,9,1
2025-09-24,8.76,26.8,28.57,25.6,4561,302.08,5379.0,4625.0,5150.0,9,2
2025-09-25,20.55,26.29,27.62,25.1,4666,302.01,4561.0,5447.0,5140.857142857143,9,3
2025-09-26,28.74,26.03,27.71,24.99,5891,302.39,4666.0,5389.0,5029.285714285715,9,4
2025-09-27,9.77,26.61,28.38,24.94,6150,302.39,5891.0,5954.0,5101.0,9,5
2025-09-28,2.98,26.94,29.14,25.52,5588,302.39,6150.0,4642.0,5129.0,9,6
2025-09-29,0.55,26.53,28.18,25.32,4959,302.17,5588.0,4614.0,5264.142857142857,9,0
2025-09-30,1.92,26.85,28.53,25.59,5339,301.91,4959.0,5379.0,5313.428571428572,9,1
2025-10-01,0.3,26.73,28.22,25.71,6751,302.06,5339.0,4561.0,5307.714285714285,10,2
2025-10-02,0.14,26.9,28.66,25.53,6021,301.77,6751.0,4666.0,5620.571428571428,10,3
2025-10-03,1.62,26.85,28.93,25.24,6146,301.83,6021.0,5891.0,5814.142857142857,10,4
2025-10-04,15.72,26.56,28.09,25.43,5802,301.83,6146.0,6150.0,5850.571428571428,10,5
2025-10-05,15.74,26.54,28.94,24.9,4847,301.83,5802.0,5588.0,5800.857142857143,10,6
2025-10-06,3.56,26.27,28.17,24.64,4478,302.01,4847.0,4959.0,5695.0,10,0
2025-10-07,4.09,26.54,28.34,24.93,4429,301.96,4478.0,5339.0,5626.285714285715,10,1
2025-10-08,1.85,26.74,29.01,25.33,4216,302.01,4429.0,6751.0,5496.285714285715,10,2
2025-10-09,4.14,26.51,28.77,24.96,4177,302.12,4216.0,6021.0,5134.142857142857,10,3
2025-10-10,3.43,26.44,28.35,24.84,5259,302.25,4177.0,6146.0,4870.714285714285,10,4
2025-10-11,5.05,26.75,28.75,24.93,5378,302.25,5259.0,5802.0,4744.0,10,5
2025-10-12,15.14,26.99,29.77,25.09,5235,302.25,5378.0,4847.0,4683.428571428572,10,6
2025-10-13,16.26,26.87,28.98,25.14,4376,302.76,5235.0,4478.0,4738.857142857143,10,0
2025-10-14,59.64,27.04,29.46,25.13,4098,301.94,4376.0,4429.0,4724.285714285715,10,1
2025-10-15,25.3,26.03,27.26,25.18,4442,302.2,4098.0,4216.0,4677.0,10,2
2025-10-16,26.97,26.54,28.84,24.8,4911,302.19,4442.0,4177.0,4709.285714285715,10,3
2025-10-17,17.72,26.54,28.28,25.37,5768,301.99,4911.0,5259.0,4814.142857142857,10,4
2025-10-18,9.8,26.07,27.55,24.79,6552,301.99,5768.0,5378.0,4886.857142857143,10,5
2025-10-19,34.69,25.79,27.5,24.57,5976,301.99,6552.0,5235.0,5054.571428571428,10,6
2025-10-20,120.48,25.27,25.97,24.74,4626,302.07,5976.0,4376.0,5160.428571428572,10,0
2025-10-21,22.23,25.28,26.02,24.86,5041,302.17,4626.0,4098.0,5196.142857142857,10,1
2025-10-22,26.0,26.14,27.63,24.83,5535,302.59,5041.0,4442.0,5330.857142857143,10,2
2025-10-23,26.32,26.3,27.57,25.28,5604,302.65,5535.0,4911.0,5487.0,10,3
2025-10-24,27.47,26.21,27.77,24.97,7145,303.0,5604.0,5768.0,5586.0,10,4
2025-10-25,20.95,26.13,27.87,24.82,5443,303.0,7145.0,6552.0,5782.714285714285,10,5
2025-10-26,6.99,26.53,28.17,25.17,5618,303.0,5443.0,5976.0,5624.285714285715,10,6
2025-10-27,4.71,26.2,27.35,25.1,4583,303.19,5618.0,4626.0,5573.142857142857,10,0
2025-10-28,3.28,26.87,28.46,25.81,5577,303.3,4583.0,5041.0,5567.0,10,1
2025-10-29,1.07,27.01,28.83,25.58,5028,305.03,5577.0,5535.0,5643.571428571428,10,2
2025-10-30,0.1,26.86,28.9,25.29,5216,303.64,5028.0,5604.0,5571.142857142857,10,3
2025-10-31,0.01,26.95,29.4,24.82,6915,303.88,5216.0,7145.0,5515.714285714285,10,4
2025-11-01,0.27,27.22,30.01,25.2,7412,303.88,6915.0,5443.0,5482.857142857143,11,5
2025-11-02,0.98,26.77,28.98,25.13,7205,303.88,7412.0,5618.0,5764.142857142857,11,6
2025-11-03,0.14,26.46,28.79,24.75,6173,303.93,7205.0,4583.0,5990.857142857143,11,0
2025-11-04,0.37,26.47,28.27,24.76,6330,305.54,6173.0,5577.0,6218.0,11,1
2025-11-05,3.74,26.42,28.21,24.92,5695,303.79,6330.0,5028.0,6325.571428571428,11,2
2025-11-06,9.99,26.57,28.53,25.28,7021,305.35,5695.0,5216.0,6420.857142857143,11,3
2025-11-07,7.98,26.38,27.83,25.35,7159,305.31,7021.0,6915.0,6678.714285714285,11,4
2025-11-08,9.05,26.3,28.15,24.75,7742,305.31,7159.0,7412.0,6713.571428571428,11,5
2025-11-09,1.62,26.14,28.71,23.85,7153,305.31,7742.0,7205.0,6760.714285714285,11,6
2025-11-10,6.65,26.1,28.2,24.58,7292,303.33,7153.0,6173.0,6753.285714285715,11,0
2025-11-11,8.7,26.33,28.52,24.66,7102,303.22,7292.0,6330.0,6913.142857142857,11,1
2025-11-12,8.18,26.7,29.27,24.4,5986,303.46,7102.0,5695.0,7023.428571428572,11,2
2025-11-13,8.67,26.91,30.24,23.88,6922,305.14,5986.0,7021.0,7065.0,11,3
2025-11-14,3.41,26.48,28.76,24.64,6510,304.96,6922.0,7159.0,7050.857142857143,11,4
2025-11-15,2.31,25.9,28.31,24.07,7463,304.96,6510.0,7742.0,6958.142857142857,11,5
2025-11-16,2.3,26.19,27.92,24.96,7558,304.96,7463.0,7153.0,6918.285714285715,11,6
2025-11-17,60.17,26.0,27.71,24.5,6757,305.35,7558.0,7292.0,6976.142857142857,11,0
2025-11-18,63.0,25.72,27.94,24.29,7245,308.01,6757.0,7102.0,6899.714285714285,11,1
2025-11-19,3.59,26.06,28.38,24.2,8058,308.42,7245.0,5986.0,6920.142857142857,11,2
2025-11-20,4.25,26.24,28.22,23.99,7562,308.65,8058.0,6922.0,7216.142857142857,11,3
2025-11-21,11.69,26.91,29.64,24.48,7764,308.8,7562.0,6510.0,7307.571428571428,11,4
2025-11-22,32.09,26.34,28.99,24.61,8530,308.8,7764.0,7463.0,7486.714285714285,11,5
2025-11-23,30.26,25.8,26.99,24.79,7653,308.8,8530.0,7558.0,7639.142857142857,11,6
2025-11-24,38.23,25.64,26.73,24.84,6856,306.78,7653.0,6757.0,7652.714285714285,11,0
2025-11-25,14.11,25.29,26.27,24.54,6512,308.84,6856.0,7245.0,7666.857142857143,11,1
2025-11-26,76.73,25.33,26.6,24.2,6272,307.12,6512.0,8058.0,7562.142857142857,11,2
2025-11-27,114.82,25.53,26.59,24.79,7425,308.32,6272.0,7562.0,7307.0,11,3
2025-11-28,94.78,24.37,24.96,23.91,6410,308.69,7425.0,7764.0,7287.428571428572,11,4
2025-11-29,8.63,24.42,25.0,24.0,6793,308.69,6410.0,8530.0,7094.0,11,5
2025-11-30,0.43,25.21,27.55,23.18,8346,308.69,6793.0,7653.0,6845.857142857143,11,6
2025-12-01,0.32,25.72,27.78,23.73,6328,307.08,8346.0,6856.0,6944.857142857143,12,0
2025-12-02,0.02,25.62,27.98,23.68,8178,308.9,6328.0,6512.0,6869.428571428572,12,1
2025-12-03,0.32,26.53,29.23,24.17,5221,309.47,8178.0,6272.0,7107.428571428572,12,2
2025-12-04,6.65,26.64,29.6,23.88,5319,309.28,5221.0,7425.0,6957.285714285715,12,3
2025-12-05,18.67,26.07,28.36,24.09,5927,308.98,5319.0,6410.0,6656.428571428572,12,4
2025-12-06,5.35,26.28,29.39,23.3,6026,308.98,5927.0,6793.0,6587.428571428572,12,5
2025-12-07,11.98,26.16,28.84,23.94,6977,308.98,6026.0,8346.0,6477.857142857143,12,6
2025-12-08,2.68,25.7,28.72,23.15,6245,307.54,6977.0,6328.0,6282.285714285715,12,0
2025-12-09,5.11,25.66,27.98,23.65,6768,309.28,6245.0,8178.0,6270.428571428572,12,1
2025-12-10,3.08,25.56,28.2,23.33,6271,309.53,6768.0,5221.0,6069.0,12,2
2025-12-11,8.06,25.87,28.48,23.85,6763,309.17,6271.0,5319.0,6219.0,12,3
2025-12-12,14.17,25.84,28.36,23.69,7610,309.16,6763.0,5927.0,6425.285714285715,12,4
2025-12-13,3.76,25.3,28.36,23.02,7461,309.16,7610.0,6026.0,6665.714285714285,12,5
2025-12-14,1.22,25.0,28.27,22.49,7936,309.16,7461.0,6977.0,6870.714285714285,12,6
2025-12-15,0.56,25.09,28.42,22.07,7305,309.4,7936.0,6245.0,7007.714285714285,12,0
2025-12-16,2.79,26.28,29.48,23.68,7720,309.54,7305.0,6768.0,7159.142857142857,12,1
2025-12-17,10.64,25.98,28.91,23.53,7561,310.1,7720.0,6271.0,7295.142857142857,12,2
2025-12-18,18.3,25.81,28.92,23.45,9142,309.79,7561.0,6763.0,7479.428571428572,12,3
2025-12-19,5.93,24.82,28.01,22.71,9525,310.02,9142.0,7610.0,7819.285714285715,12,4
2025-12-20,4.38,24.36,27.23,21.83,10081,310.02,9525.0,7461.0,8092.857142857143,12,5
2025-12-21,4.78,24.93,28.81,21.8,10245,310.02,10081.0,7936.0,8467.142857142857,12,6
2025-12-22,0.24,24.99,28.42,22.22,10636,310.28,10245.0,7305.0,8797.0,12,0
2025-12-23,0.69,25.13,28.95,22.03,10281,309.65,10636.0,7720.0,9272.857142857143,12,1
2025-12-24,1.42,24.45,26.8,22.26,9215,310.15,10281.0,7561.0,9638.714285714286,12,2
2025-12-25,1.0,24.66,28.22,21.8,11111,310.15,9215.0,9142.0,9875.0,12,3
2025-12-26,0.08,24.78,28.59,21.47,11756,310.16,11111.0,9525.0,10156.285714285714,12,4
2025-12-27,0.35,25.02,28.73,21.87,12397,310.16,11756.0,10081.0,10475.0,12,5
2025-12-28,2.91,25.28,28.81,21.82,11203,310.16,12397.0,10245.0,10805.857142857143,12,6
2025-12-29,1.57,25.83,29.04,23.1,10177,310.12,11203.0,10636.0,10942.714285714286,12,0
2025-12-30,0.29,25.57,28.17,22.79,10425,310.33,10177.0,10281.0,10877.142857142857,12,1
2025-12-31,5.89,25.43,27.1,23.89,7118,310.37,10425.0,9215.0,10897.714285714286,12,2
