date,base,quote,rate
2022-12-30,USD,LKR,363.97
2023-01-02,USD,LKR,364.11
2023-01-03,USD,LKR,363.98
2023-01-04,USD,LKR,363.76
2023-01-05,USD,LKR,363.69
2023-01-06,USD,LKR,363.69
2023-01-09,USD,LKR,363.87
2023-01-10,USD,LKR,363.45
2023-01-11,USD,LKR,363.29
2023-01-12,USD,LKR,363.19
2023-01-13,USD,LKR,363.18
2023-01-16,USD,LKR,363.22
2023-01-17,USD,LKR,363.69
2023-01-18,USD,LKR,363.03
2023-01-19,USD,LKR,363.92
2023-01-20,USD,LKR,364.06
2023-01-23,USD,LKR,362.51
2023-01-24,USD,LKR,363.51
2023-01-25,USD,LKR,363.9
2023-01-26,USD,LKR,363.73
2023-01-27,USD,LKR,363.75
2023-01-30,USD,LKR,363.97
2023-01-31,USD,LKR,364.15
2023-02-01,USD,LKR,363.73
2023-02-02,USD,LKR,363.05
2023-02-03,USD,LKR,362.91
2023-02-06,USD,LKR,363.54
2023-02-07,USD,LKR,362.76
2023-02-08,USD,LKR,362.96
2023-02-09,USD,LKR,363.12
2023-02-10,USD,LKR,363.73
2023-02-13,USD,LKR,362.86
2023-02-14,USD,LKR,362.59
2023-02-15,USD,LKR,362.59
2023-02-16,USD,LKR,362.87
2023-02-17,USD,LKR,363.48
2023-02-20,USD,LKR,363.63
2023-02-21,USD,LKR,361.95
2023-02-22,USD,LKR,362.53
2023-02-23,USD,LKR,363.17
2023-02-24,USD,LKR,362.36
2023-02-27,USD,LKR,361.66
2023-02-28,USD,LKR,359.98
2023-03-01,USD,LKR,356.4
2023-03-02,USD,LKR,352.48
2023-03-03,USD,LKR,346.46
2023-03-06,USD,LKR,340.32
2023-03-07,USD,LKR,331.86
2023-03-08,USD,LKR,323.82
2023-03-09,USD,LKR,321.21
2023-03-10,USD,LKR,319.34
2023-03-13,USD,LKR,321.97
2023-03-14,USD,LKR,325.81
2023-03-15,USD,LKR,334.9
2023-03-16,USD,LKR,337.14
2023-03-17,USD,LKR,337.71
2023-03-20,USD,LKR,337.35
2023-03-21,USD,LKR,328.56
2023-03-22,USD,LKR,319.5
2023-03-23,USD,LKR,318.52
2023-03-24,USD,LKR,320.48
2023-03-27,USD,LKR,321.82
2023-03-28,USD,LKR,322.44
2023-03-29,USD,LKR,324.76
2023-03-30,USD,LKR,325.82
2023-03-31,USD,LKR,325.88
2023-04-03,USD,LKR,324.95
2023-04-04,USD,LKR,323.0
2023-04-05,USD,LKR,322.21
2023-04-06,USD,LKR,321.91
2023-04-07,USD,LKR,321.42
2023-04-10,USD,LKR,320.16
2023-04-11,USD,LKR,320.71
2023-04-12,USD,LKR,320.55
2023-04-13,USD,LKR,320.15
2023-04-14,USD,LKR,319.95
2023-04-17,USD,LKR,320.49
2023-04-18,USD,LKR,319.84
2023-04-19,USD,LKR,320.71
2023-04-20,USD,LKR,320.82
2023-04-21,USD,LKR,320.38
2023-04-24,USD,LKR,319.24
2023-04-25,USD,LKR,320.11
2023-04-26,USD,LKR,319.95
2023-04-27,USD,LKR,320.16
2023-04-28,USD,LKR,320.93
2023-05-01,USD,LKR,320.89
2023-05-02,USD,LKR,320.14
2023-05-03,USD,LKR,319.57
2023-05-04,USD,LKR,318.78
2023-05-05,USD,LKR,318.93
2023-05-08,USD,LKR,317.91
2023-05-09,USD,LKR,317.32
2023-05-10,USD,LKR,316.36
2023-05-11,USD,LKR,314.18
2023-05-12,USD,LKR,313.54
2023-05-15,USD,LKR,312.91
2023-05-16,USD,LKR,311.17
2023-05-17,USD,LKR,308.01
2023-05-18,USD,LKR,307.5
2023-05-19,USD,LKR,307.6
2023-05-22,USD,LKR,307.39
2023-05-23,USD,LKR,306.46
2023-05-24,USD,LKR,304.69
2023-05-25,USD,LKR,304.52
2023-05-26,USD,LKR,302.59
2023-05-29,USD,LKR,297.61
2023-05-30,USD,LKR,296.08
2023-05-31,USD,LKR,292.81
2023-06-01,USD,LKR,292.21
2023-06-02,USD,LKR,290.63
2023-06-05,USD,LKR,291.86
2023-06-06,USD,LKR,292.11
2023-06-07,USD,LKR,291.58
2023-06-08,USD,LKR,292.54
2023-06-09,USD,LKR,293.43
2023-06-12,USD,LKR,296.66
2023-06-13,USD,LKR,301.45
2023-06-14,USD,LKR,307.82
2023-06-15,USD,LKR,309.52
2023-06-16,USD,LKR,306.85
2023-06-19,USD,LKR,307.08
2023-06-20,USD,LKR,306.82
2023-06-21,USD,LKR,307.21
2023-06-22,USD,LKR,306.92
2023-06-23,USD,LKR,307.99
2023-06-26,USD,LKR,308.18
2023-06-27,USD,LKR,308.87
2023-06-28,USD,LKR,308.62
2023-06-29,USD,LKR,308.53
2023-06-30,USD,LKR,308.84
2023-07-03,USD,LKR,307.69
2023-07-04,USD,LKR,306.94
2023-07-05,USD,LKR,306.6
2023-07-06,USD,LKR,307.77
2023-07-07,USD,LKR,309.08
2023-07-10,USD,LKR,310.23
2023-07-11,USD,LKR,311.45
2023-07-12,USD,LKR,313.01
2023-07-13,USD,LKR,313.35
2023-07-14,USD,LKR,314.45
2023-07-17,USD,LKR,316.47
2023-07-18,USD,LKR,317.55
2023-07-19,USD,LKR,319.07
2023-07-20,USD,LKR,319.89
2023-07-21,USD,LKR,324.39
2023-07-24,USD,LKR,325.3
2023-07-25,USD,LKR,326.14
2023-07-26,USD,LKR,326.6
2023-07-27,USD,LKR,325.99
2023-07-28,USD,LKR,328.18
2023-07-31,USD,LKR,325.65
2023-08-01,USD,LKR,321.07
2023-08-02,USD,LKR,315.87
2023-08-03,USD,LKR,314.53
2023-08-04,USD,LKR,316.67
2023-08-07,USD,LKR,317.44
2023-08-08,USD,LKR,317.66
2023-08-09,USD,LKR,317.9
2023-08-10,USD,LKR,317.33
2023-08-11,USD,LKR,317.34
2023-08-14,USD,LKR,317.7
2023-08-15,USD,LKR,318.25
2023-08-16,USD,LKR,318.67
2023-08-17,USD,LKR,319.11
2023-08-18,USD,LKR,320.41
2023-08-21,USD,LKR,320.2
2023-08-22,USD,LKR,320.42
2023-08-23,USD,LKR,320.88
2023-08-24,USD,LKR,320.58
2023-08-25,USD,LKR,320.91
2023-08-28,USD,LKR,320.42
2023-08-29,USD,LKR,319.72
2023-08-30,USD,LKR,321.01
2023-08-31,USD,LKR,320.03
2023-09-01,USD,LKR,319.74
2023-09-04,USD,LKR,318.49
2023-09-05,USD,LKR,319.2
2023-09-06,USD,LKR,319.48
2023-09-07,USD,LKR,320.65
2023-09-08,USD,LKR,320.53
2023-09-11,USD,LKR,319.33
2023-09-12,USD,LKR,319.67
2023-09-13,USD,LKR,319.78
2023-09-14,USD,LKR,319.89
2023-09-15,USD,LKR,320.44
2023-09-18,USD,LKR,321.16
2023-09-19,USD,LKR,323.9
2023-09-20,USD,LKR,324.04
2023-09-21,USD,LKR,323.85
2023-09-22,USD,LKR,323.68
2023-09-25,USD,LKR,323.46
2023-09-26,USD,LKR,323.43
2023-09-27,USD,LKR,323.12
2023-09-28,USD,LKR,323.44
2023-09-29,USD,LKR,322.95
2023-10-02,USD,LKR,323.76
2023-10-03,USD,LKR,323.95
2023-10-04,USD,LKR,323.65
2023-10-05,USD,LKR,323.35
2023-10-06,USD,LKR,323.08
2023-10-09,USD,LKR,323.18
2023-10-10,USD,LKR,323.16
2023-10-11,USD,LKR,323.55
2023-10-12,USD,LKR,323.45
2023-10-13,USD,LKR,323.95
2023-10-16,USD,LKR,323.83
2023-10-17,USD,LKR,323.83
2023-10-18,USD,LKR,324.32
2023-10-19,USD,LKR,324.7
2023-10-20,USD,LKR,325.02
2023-10-23,USD,LKR,325.45
2023-10-24,USD,LKR,326.22
2023-10-25,USD,LKR,326.49
2023-10-26,USD,LKR,326.38
2023-10-27,USD,LKR,326.51
2023-10-30,USD,LKR,326.71
2023-10-31,USD,LKR,327.02
2023-11-01,USD,LKR,327.44
2023-11-02,USD,LKR,327.62
2023-11-03,USD,LKR,327.85
2023-11-06,USD,LKR,327.37
2023-11-07,USD,LKR,327.2
2023-11-08,USD,LKR,327.79
2023-11-09,USD,LKR,327.56
2023-11-10,USD,LKR,326.93
2023-11-13,USD,LKR,326.7
2023-11-14,USD,LKR,326.98
2023-11-15,USD,LKR,327.95
2023-11-16,USD,LKR,328.1
2023-11-17,USD,LKR,327.64
2023-11-20,USD,LKR,327.76
2023-11-21,USD,LKR,328.02
2023-11-22,USD,LKR,328.21
2023-11-23,USD,LKR,328.13
2023-11-24,USD,LKR,328.3
2023-11-27,USD,LKR,328.45
2023-11-28,USD,LKR,328.8
2023-11-29,USD,LKR,328.83
2023-11-30,USD,LKR,328.86
2023-12-01,USD,LKR,328.93
2023-12-04,USD,LKR,329.31
2023-12-05,USD,LKR,329.29
2023-12-06,USD,LKR,328.38
2023-12-07,USD,LKR,327.96
2023-12-08,USD,LKR,327.48
2023-12-11,USD,LKR,328.22
2023-12-12,USD,LKR,328.21
2023-12-13,USD,LKR,327.78
2023-12-14,USD,LKR,326.95
2023-12-15,USD,LKR,326.3
2023-12-18,USD,LKR,326.6
2023-12-19,USD,LKR,326.62
2023-12-20,USD,LKR,326.8
2023-12-21,USD,LKR,326.55
2023-12-22,USD,LKR,325.63
2023-12-26,USD,LKR,325.33
2023-12-27,USD,LKR,325.55
2023-12-28,USD,LKR,324.78
2023-12-29,USD,LKR,325.33
2024-01-01,USD,LKR,324.54
2024-01-02,USD,LKR,322.12
2024-01-03,USD,LKR,321.91
2024-01-04,USD,LKR,321.98
2024-01-05,USD,LKR,322.14
2024-01-08,USD,LKR,322.83
2024-01-09,USD,LKR,322.83
2024-01-10,USD,LKR,323.12
2024-01-11,USD,LKR,323.09
2024-01-12,USD,LKR,322.78
2024-01-15,USD,LKR,322.82
2024-01-16,USD,LKR,323.2
2024-01-17,USD,LKR,322.17
2024-01-18,USD,LKR,319.85
2024-01-19,USD,LKR,319.4
2024-01-22,USD,LKR,319.47
2024-01-23,USD,LKR,318.84
2024-01-24,USD,LKR,318.05
2024-01-25,USD,LKR,318.59
2024-01-26,USD,LKR,317.75
2024-01-29,USD,LKR,317.64
2024-01-30,USD,LKR,317.48
2024-01-31,USD,LKR,316.62
2024-02-01,USD,LKR,315.37
2024-02-02,USD,LKR,313.36
2024-02-05,USD,LKR,311.56
2024-02-06,USD,LKR,312.02
2024-02-07,USD,LKR,312.02
2024-02-08,USD,LKR,311.85
2024-02-09,USD,LKR,313.45
2024-02-12,USD,LKR,311.62
2024-02-13,USD,LKR,314.22
2024-02-14,USD,LKR,314.11
2024-02-15,USD,LKR,313.73
2024-02-16,USD,LKR,313.23
2024-02-19,USD,LKR,313.24
2024-02-20,USD,LKR,310.95
2024-02-21,USD,LKR,310.68
2024-02-22,USD,LKR,310.3
2024-02-23,USD,LKR,310.48
2024-02-26,USD,LKR,309.83
2024-02-27,USD,LKR,309.61
2024-02-28,USD,LKR,309.48
2024-02-29,USD,LKR,310.92
2024-03-01,USD,LKR,310.07
2024-03-04,USD,LKR,307.34
2024-03-05,USD,LKR,306.95
2024-03-06,USD,LKR,307.21
2024-03-07,USD,LKR,306.6
2024-03-08,USD,LKR,306.42
2024-03-11,USD,LKR,306.4
2024-03-12,USD,LKR,305.88
2024-03-13,USD,LKR,305.67
2024-03-14,USD,LKR,305.19
2024-03-15,USD,LKR,305.36
2024-03-18,USD,LKR,304.84
2024-03-19,USD,LKR,303.87
2024-03-20,USD,LKR,304.07
2024-03-21,USD,LKR,303.28
2024-03-22,USD,LKR,303.84
2024-03-25,USD,LKR,303.0
2024-03-26,USD,LKR,302.28
2024-03-27,USD,LKR,301.21
2024-03-28,USD,LKR,301.14
2024-03-29,USD,LKR,300.96
2024-04-01,USD,LKR,300.57
2024-04-02,USD,LKR,300.76
2024-04-03,USD,LKR,300.66
2024-04-04,USD,LKR,299.98
2024-04-05,USD,LKR,299.94
2024-04-08,USD,LKR,299.67
2024-04-09,USD,LKR,299.57
2024-04-10,USD,LKR,299.07
2024-04-11,USD,LKR,299.51
2024-04-12,USD,LKR,300.05
2024-04-15,USD,LKR,300.06
2024-04-16,USD,LKR,300.35
2024-04-17,USD,LKR,301.07
2024-04-18,USD,LKR,301.18
2024-04-19,USD,LKR,301.6
2024-04-22,USD,LKR,301.76
2024-04-23,USD,LKR,301.39
2024-04-24,USD,LKR,299.91
2024-04-25,USD,LKR,298.25
2024-04-26,USD,LKR,295.86
2024-04-29,USD,LKR,295.78
2024-04-30,USD,LKR,296.52
2024-05-01,USD,LKR,296.51
2024-05-02,USD,LKR,296.69
2024-05-03,USD,LKR,296.47
2024-05-06,USD,LKR,296.15
2024-05-07,USD,LKR,297.44
2024-05-08,USD,LKR,299.28
2024-05-09,USD,LKR,299.44
2024-05-10,USD,LKR,298.81
2024-05-13,USD,LKR,298.01
2024-05-14,USD,LKR,298.66
2024-05-15,USD,LKR,300.02
2024-05-16,USD,LKR,301.72
2024-05-17,USD,LKR,300.8
2024-05-20,USD,LKR,300.65
2024-05-21,USD,LKR,300.64
2024-05-22,USD,LKR,300.49
2024-05-23,USD,LKR,300.71
2024-05-24,USD,LKR,300.9
2024-05-27,USD,LKR,301.02
2024-05-28,USD,LKR,301.9
2024-05-29,USD,LKR,301.61
2024-05-30,USD,LKR,302.02
2024-05-31,USD,LKR,302.08
2024-06-03,USD,LKR,302.41
2024-06-04,USD,LKR,301.95
2024-06-05,USD,LKR,302.53
2024-06-06,USD,LKR,302.73
2024-06-07,USD,LKR,302.66
2024-06-10,USD,LKR,303.08
2024-06-11,USD,LKR,303.68
2024-06-12,USD,LKR,303.64
2024-06-13,USD,LKR,303.32
2024-06-14,USD,LKR,304.44
2024-06-17,USD,LKR,304.18
2024-06-18,USD,LKR,304.0
2024-06-19,USD,LKR,304.39
2024-06-20,USD,LKR,304.71
2024-06-21,USD,LKR,305.46
2024-06-24,USD,LKR,305.49
2024-06-25,USD,LKR,305.1
2024-06-26,USD,LKR,305.27
2024-06-27,USD,LKR,305.45
2024-06-28,USD,LKR,305.71
2024-07-01,USD,LKR,305.28
2024-07-02,USD,LKR,304.16
2024-07-03,USD,LKR,303.96
2024-07-04,USD,LKR,304.39
2024-07-05,USD,LKR,304.22
2024-07-08,USD,LKR,304.09
2024-07-09,USD,LKR,304.45
2024-07-10,USD,LKR,304.07
2024-07-11,USD,LKR,303.88
2024-07-12,USD,LKR,302.8
2024-07-15,USD,LKR,302.6
2024-07-16,USD,LKR,302.99
2024-07-17,USD,LKR,303.93
2024-07-18,USD,LKR,304.2
2024-07-19,USD,LKR,304.58
2024-07-22,USD,LKR,304.49
2024-07-23,USD,LKR,304.43
2024-07-24,USD,LKR,304.16
2024-07-25,USD,LKR,304.15
2024-07-26,USD,LKR,303.99
2024-07-29,USD,LKR,301.98
2024-07-30,USD,LKR,303.38
2024-07-31,USD,LKR,301.55
2024-08-01,USD,LKR,303.06
2024-08-02,USD,LKR,302.97
2024-08-05,USD,LKR,302.78
2024-08-06,USD,LKR,302.75
2024-08-07,USD,LKR,302.52
2024-08-08,USD,LKR,300.47
2024-08-09,USD,LKR,299.93
2024-08-12,USD,LKR,300.69
2024-08-13,USD,LKR,298.86
2024-08-14,USD,LKR,298.72
2024-08-15,USD,LKR,298.63
2024-08-16,USD,LKR,298.14
2024-08-19,USD,LKR,298.13
2024-08-20,USD,LKR,298.34
2024-08-21,USD,LKR,299.48
2024-08-22,USD,LKR,299.7
2024-08-23,USD,LKR,299.54
2024-08-26,USD,LKR,299.84
2024-08-27,USD,LKR,299.63
2024-08-28,USD,LKR,299.95
2024-08-29,USD,LKR,300.04
2024-08-30,USD,LKR,299.52
2024-09-02,USD,LKR,300.03
2024-09-03,USD,LKR,298.92
2024-09-04,USD,LKR,298.71
2024-09-05,USD,LKR,298.17
2024-09-06,USD,LKR,298.28
2024-09-09,USD,LKR,299.4
2024-09-10,USD,LKR,300.04
2024-09-11,USD,LKR,300.25
2024-09-12,USD,LKR,300.65
2024-09-13,USD,LKR,300.13
2024-09-16,USD,LKR,300.35
2024-09-17,USD,LKR,300.41
2024-09-18,USD,LKR,303.4
2024-09-19,USD,LKR,302.86
2024-09-20,USD,LKR,305.33
2024-09-23,USD,LKR,305.36
2024-09-24,USD,LKR,304.54
2024-09-25,USD,LKR,301.16
2024-09-26,USD,LKR,300.18
2024-09-27,USD,LKR,299.55
2024-09-30,USD,LKR,297.59
2024-10-01,USD,LKR,296.7
2024-10-02,USD,LKR,295.55
2024-10-03,USD,LKR,295.8
2024-10-04,USD,LKR,295.28
2024-10-07,USD,LKR,294.19
2024-10-08,USD,LKR,294.31
2024-10-09,USD,LKR,293.5
2024-10-10,USD,LKR,293.59
2024-10-11,USD,LKR,293.47
2024-10-14,USD,LKR,291.93
2024-10-15,USD,LKR,293.57
2024-10-16,USD,LKR,293.52
2024-10-17,USD,LKR,294.06
2024-10-18,USD,LKR,293.64
2024-10-21,USD,LKR,292.08
2024-10-22,USD,LKR,292.21
2024-10-23,USD,LKR,293.71
2024-10-24,USD,LKR,294.14
2024-10-25,USD,LKR,294.35
2024-10-28,USD,LKR,292.81
2024-10-29,USD,LKR,294.41
2024-10-30,USD,LKR,292.57
2024-10-31,USD,LKR,293.41
2024-11-01,USD,LKR,293.28
2024-11-04,USD,LKR,292.11
2024-11-05,USD,LKR,291.96
2024-11-06,USD,LKR,292.35
2024-11-07,USD,LKR,291.83
2024-11-08,USD,LKR,292.85
2024-11-11,USD,LKR,291.58
2024-11-12,USD,LKR,293.52
2024-11-13,USD,LKR,293.17
2024-11-14,USD,LKR,291.7
2024-11-15,USD,LKR,291.4
2024-11-18,USD,LKR,291.16
2024-11-19,USD,LKR,290.57
2024-11-20,USD,LKR,290.5
2024-11-21,USD,LKR,290.75
2024-11-22,USD,LKR,291.16
2024-11-25,USD,LKR,290.76
2024-11-26,USD,LKR,291.14
2024-11-27,USD,LKR,290.97
2024-11-28,USD,LKR,290.79
2024-11-29,USD,LKR,290.1
2024-12-02,USD,LKR,290.55
2024-12-03,USD,LKR,290.39
2024-12-04,USD,LKR,290.08
2024-12-05,USD,LKR,290.02
2024-12-06,USD,LKR,289.37
2024-12-09,USD,LKR,290.27
2024-12-10,USD,LKR,290.23
2024-12-11,USD,LKR,290.12
2024-12-12,USD,LKR,290.07
2024-12-13,USD,LKR,290.08
2024-12-16,USD,LKR,290.48
2024-12-17,USD,LKR,290.4
2024-12-18,USD,LKR,290.83
2024-12-19,USD,LKR,292.04
2024-12-20,USD,LKR,292.91
2024-12-23,USD,LKR,294.25
2024-12-24,USD,LKR,296.2
2024-12-26,USD,LKR,296.17
2024-12-27,USD,LKR,293.19
2024-12-30,USD,LKR,292.35
2024-12-31,USD,LKR,292.78
2025-01-01,USD,LKR,292.83
2025-01-02,USD,LKR,293.1
2025-01-03,USD,LKR,293.84
2025-01-06,USD,LKR,293.73
2025-01-07,USD,LKR,294.14
2025-01-08,USD,LKR,294.85
2025-01-09,USD,LKR,294.98
2025-01-10,USD,LKR,294.58
2025-01-13,USD,LKR,294.62
2025-01-14,USD,LKR,294.07
2025-01-15,USD,LKR,294.29
2025-01-16,USD,LKR,295.1
2025-01-17,USD,LKR,295.53
2025-01-20,USD,LKR,295.61
2025-01-21,USD,LKR,296.22
2025-01-22,USD,LKR,296.85
2025-01-23,USD,LKR,297.06
2025-01-24,USD,LKR,296.73
2025-01-27,USD,LKR,297.07
2025-01-28,USD,LKR,296.54
2025-01-29,USD,LKR,296.1
2025-01-30,USD,LKR,296.24
2025-01-31,USD,LKR,297.09
2025-02-03,USD,LKR,298.17
2025-02-04,USD,LKR,297.51
2025-02-05,USD,LKR,297.68
2025-02-06,USD,LKR,299.25
2025-02-07,USD,LKR,298.41
2025-02-10,USD,LKR,298.26
2025-02-11,USD,LKR,296.42
2025-02-12,USD,LKR,296.44
2025-02-13,USD,LKR,295.8
2025-02-14,USD,LKR,296.38
2025-02-17,USD,LKR,294.47
2025-02-18,USD,LKR,294.64
2025-02-19,USD,LKR,295.76
2025-02-20,USD,LKR,295.91
2025-02-21,USD,LKR,295.51
2025-02-24,USD,LKR,295.29
2025-02-25,USD,LKR,295.36
2025-02-26,USD,LKR,295.38
2025-02-27,USD,LKR,295.21
2025-02-28,USD,LKR,295.97
2025-03-03,USD,LKR,295.6
2025-03-04,USD,LKR,295.55
2025-03-05,USD,LKR,294.26
2025-03-06,USD,LKR,294.94
2025-03-07,USD,LKR,294.69
2025-03-10,USD,LKR,295.31
2025-03-11,USD,LKR,294.99
2025-03-12,USD,LKR,295.35
2025-03-13,USD,LKR,295.66
2025-03-14,USD,LKR,295.63
2025-03-17,USD,LKR,295.97
2025-03-18,USD,LKR,295.55
2025-03-19,USD,LKR,295.86
2025-03-20,USD,LKR,296.19
2025-03-21,USD,LKR,296.79
2025-03-24,USD,LKR,296.47
2025-03-25,USD,LKR,296.41
2025-03-26,USD,LKR,296.13
2025-03-27,USD,LKR,296.42
2025-03-28,USD,LKR,296.2
2025-03-31,USD,LKR,295.9
2025-04-01,USD,LKR,296.2
2025-04-02,USD,LKR,295.93
2025-04-03,USD,LKR,295.65
2025-04-04,USD,LKR,296.25
2025-04-07,USD,LKR,297.17
2025-04-08,USD,LKR,298.1
2025-04-09,USD,LKR,299.69
2025-04-10,USD,LKR,298.34
2025-04-11,USD,LKR,296.75
2025-04-14,USD,LKR,297.87
2025-04-15,USD,LKR,297.76
2025-04-16,USD,LKR,298.11
2025-04-17,USD,LKR,298.29
2025-04-18,USD,LKR,298.23
2025-04-21,USD,LKR,298.64
2025-04-22,USD,LKR,298.76
2025-04-23,USD,LKR,298.98
2025-04-24,USD,LKR,299.52
2025-04-25,USD,LKR,299.18
2025-04-28,USD,LKR,299.37
2025-04-29,USD,LKR,299.3
2025-04-30,USD,LKR,299.22
2025-05-01,USD,LKR,299.22
2025-05-02,USD,LKR,299.35
2025-05-05,USD,LKR,299.39
2025-05-06,USD,LKR,299.24
2025-05-07,USD,LKR,299.28
2025-05-08,USD,LKR,299.26
2025-05-09,USD,LKR,298.79
2025-05-12,USD,LKR,298.92
2025-05-13,USD,LKR,298.86
2025-05-14,USD,LKR,298.48
2025-05-15,USD,LKR,298.31
2025-05-16,USD,LKR,298.36
2025-05-19,USD,LKR,299.13
2025-05-20,USD,LKR,298.91
2025-05-21,USD,LKR,299.6
2025-05-22,USD,LKR,299.17
2025-05-23,USD,LKR,299.04
2025-05-26,USD,LKR,298.88
2025-05-27,USD,LKR,299.24
2025-05-28,USD,LKR,299.37
2025-05-29,USD,LKR,299.43
2025-05-30,USD,LKR,299.03
2025-06-02,USD,LKR,298.8
2025-06-03,USD,LKR,298.98
2025-06-04,USD,LKR,298.96
2025-06-05,USD,LKR,299.16
2025-06-06,USD,LKR,299.19
2025-06-09,USD,LKR,298.9
2025-06-10,USD,LKR,298.82
2025-06-11,USD,LKR,298.65
2025-06-12,USD,LKR,298.37
2025-06-13,USD,LKR,298.59
2025-06-16,USD,LKR,299.65
2025-06-17,USD,LKR,299.9
2025-06-18,USD,LKR,300.27
2025-06-19,USD,LKR,300.31
2025-06-20,USD,LKR,300.27
2025-06-23,USD,LKR,300.13
2025-06-24,USD,LKR,300.25
2025-06-25,USD,LKR,299.82
2025-06-26,USD,LKR,299.5
2025-06-27,USD,LKR,299.04
2025-06-30,USD,LKR,299.7
2025-07-01,USD,LKR,299.39
2025-07-02,USD,LKR,299.55
2025-07-03,USD,LKR,299.72
2025-07-04,USD,LKR,299.83
2025-07-07,USD,LKR,299.97
2025-07-08,USD,LKR,300.19
2025-07-09,USD,LKR,300.13
2025-07-10,USD,LKR,300.36
2025-07-11,USD,LKR,300.3
2025-07-14,USD,LKR,300.42
2025-07-15,USD,LKR,300.89
2025-07-16,USD,LKR,300.49
2025-07-17,USD,LKR,301.08
2025-07-18,USD,LKR,301.12
2025-07-21,USD,LKR,300.95
2025-07-22,USD,LKR,300.88
2025-07-23,USD,LKR,301.35
2025-07-24,USD,LKR,301.45
2025-07-25,USD,LKR,301.42
2025-07-28,USD,LKR,301.35
2025-07-29,USD,LKR,301.43
2025-07-30,USD,LKR,301.68
2025-07-31,USD,LKR,302.15
2025-08-01,USD,LKR,302.4
2025-08-04,USD,LKR,300.94
2025-08-05,USD,LKR,300.44
2025-08-06,USD,LKR,300.55
2025-08-07,USD,LKR,299.7
2025-08-08,USD,LKR,299.89
2025-08-11,USD,LKR,300.38
2025-08-12,USD,LKR,300.07
2025-08-13,USD,LKR,300.45
2025-08-14,USD,LKR,301.09
2025-08-15,USD,LKR,301.17
2025-08-18,USD,LKR,300.62
2025-08-19,USD,LKR,300.57
2025-08-20,USD,LKR,301.14
2025-08-21,USD,LKR,301.33
2025-08-22,USD,LKR,301.74
2025-08-25,USD,LKR,301.71
2025-08-26,USD,LKR,301.45
2025-08-27,USD,LKR,302.0
2025-08-28,USD,LKR,301.47
2025-08-29,USD,LKR,301.78
2025-09-01,USD,LKR,301.3
2025-09-02,USD,LKR,301.3
2025-09-03,USD,LKR,301.46
2025-09-04,USD,LKR,301.56
2025-09-05,USD,LKR,301.31
2025-09-08,USD,LKR,301.12
2025-09-09,USD,LKR,301.18
2025-09-10,USD,LKR,301.54
2025-09-11,USD,LKR,301.73
2025-09-12,USD,LKR,301.12
2025-09-15,USD,LKR,301.11
2025-09-16,USD,LKR,301.06
2025-09-17,USD,LKR,301.36
2025-09-18,USD,LKR,301.57
2025-09-19,USD,LKR,302.04
2025-09-22,USD,LKR,301.96
2025-09-23,USD,LKR,301.56
2025-09-24,USD,LKR,302.08
2025-09-25,USD,LKR,302.01
2025-09-26,USD,LKR,302.39
2025-09-29,USD,LKR,302.17
2025-09-30,USD,LKR,301.91
2025-10-01,USD,LKR,302.06
2025-10-02,USD,LKR,301.77
2025-10-03,USD,LKR,301.83
2025-10-06,USD,LKR,302.01
2025-10-07,USD,LKR,301.96
2025-10-08,USD,LKR,302.01
2025-10-09,USD,LKR,302.12
2025-10-10,USD,LKR,302.25
2025-10-13,USD,LKR,302.76
2025-10-14,USD,LKR,301.94
2025-10-15,USD,LKR,302.2
2025-10-16,USD,LKR,302.19
2025-10-17,USD,LKR,301.99
2025-10-20,USD,LKR,302.07
2025-10-21,USD,LKR,302.17
2025-10-22,USD,LKR,302.59
2025-10-23,USD,LKR,302.65
2025-10-24,USD,LKR,303.0
2025-10-27,USD,LKR,303.19
2025-10-28,USD,LKR,303.3
2025-10-29,USD,LKR,305.03
2025-10-30,USD,LKR,303.64
2025-10-31,USD,LKR,303.88
2025-11-03,USD,LKR,303.93
2025-11-04,USD,LKR,305.54
2025-11-05,USD,LKR,303.79
2025-11-06,USD,LKR,305.35
2025-11-07,USD,LKR,305.31
2025-11-10,USD,LKR,303.33
2025-11-11,USD,LKR,303.22
2025-11-12,USD,LKR,303.46
2025-11-13,USD,LKR,305.14
2025-11-14,USD,LKR,304.96
2025-11-17,USD,LKR,305.35
2025-11-18,USD,LKR,308.01
2025-11-19,USD,LKR,308.42
2025-11-20,USD,LKR,308.65
2025-11-21,USD,LKR,308.8
2025-11-24,USD,LKR,306.78
2025-11-25,USD,LKR,308.84
2025-11-26,USD,LKR,307.12
2025-11-27,USD,LKR,308.32
2025-11-28,USD,LKR,308.69
2025-12-01,USD,LKR,307.08
2025-12-02,USD,LKR,308.9
2025-12-03,USD,LKR,309.47
2025-12-04,USD,LKR,309.28
2025-12-05,USD,LKR,308.98
2025-12-08,USD,LKR,307.54
2025-12-09,USD,LKR,309.28
2025-12-10,USD,LKR,309.53
2025-12-11,USD,LKR,309.17
2025-12-12,USD,LKR,309.16
2025-12-15,USD,LKR,309.4
2025-12-16,USD,LKR,309.54
2025-12-17,USD,LKR,310.1
2025-12-18,USD,LKR,309.79
2025-12-19,USD,LKR,310.02
2025-12-22,USD,LKR,310.28
2025-12-23,USD,LKR,309.65
2025-12-24,USD,LKR,310.15
2025-12-26,USD,LKR,310.16
2025-12-29,USD,LKR,310.12
2025-12-30,USD,LKR,310.33
2025-12-31,USD,LKR,310.37
2026-01-01,USD,LKR,310.37
2026-01-02,USD,LKR,310.11
2026-01-05,USD,LKR,310.26
2026-01-06,USD,LKR,310.12
2026-01-07,USD,LKR,310.54
2026-01-08,USD,LKR,310.54
2026-01-09,USD,LKR,310.12
2026-01-12,USD,LKR,309.8
2026-01-13,USD,LKR,309.61
2026-01-14,USD,LKR,309.71
2026-01-15,USD,LKR,309.75
2026-01-16,USD,LKR,310.12
2026-01-19,USD,LKR,310.05
2026-01-20,USD,LKR,309.83
2026-01-21,USD,LKR,310.19
2026-01-22,USD,LKR,310.33
2026-01-23,USD,LKR,309.85
2026-01-26,USD,LKR,309.97
2026-01-27,USD,LKR,310.3
2026-01-28,USD,LKR,310.0
2026-01-29,USD,LKR,309.91
2026-01-30,USD,LKR,310.16
2026-02-02,USD,LKR,310.12
2026-02-03,USD,LKR,310.32
2026-02-04,USD,LKR,310.01
2026-02-05,USD,LKR,310.05
2026-02-06,USD,LKR,309.87
2026-02-09,USD,LKR,310.28
2026-02-10,USD,LKR,309.54
2026-02-11,USD,LKR,309.92
2026-02-12,USD,LKR,309.85
2026-02-13,USD,LKR,310.01
2026-02-16,USD,LKR,309.56
2026-02-17,USD,LKR,309.41
2026-02-18,USD,LKR,309.37
2026-02-19,USD,LKR,310.19
2026-02-20,USD,LKR,310.49
2026-02-23,USD,LKR,309.9
2026-02-24,USD,LKR,309.69
2026-02-25,USD,LKR,309.99
2026-02-26,USD,LKR,309.78
2026-02-27,USD,LKR,309.65
2026-03-02,USD,LKR,310.32
2026-03-03,USD,LKR,310.43
2026-03-04,USD,LKR,310.84
2026-03-05,USD,LKR,310.66
2026-03-06,USD,LKR,311.51
2026-03-09,USD,LKR,311.27
2026-03-10,USD,LKR,311.13
2026-03-11,USD,LKR,311.28
2026-03-12,USD,LKR,311.07
2026-03-13,USD,LKR,311.45
2026-03-16,USD,LKR,311.85
2026-03-17,USD,LKR,311.45
2026-03-18,USD,LKR,311.85
2026-03-19,USD,LKR,312.27
2026-03-20,USD,LKR,312.15
2026-03-23,USD,LKR,312.02
2026-03-24,USD,LKR,313.08
2026-03-25,USD,LKR,313.88
2026-03-26,USD,LKR,314.0
2026-03-27,USD,LKR,315.1
2026-03-30,USD,LKR,315.26
2026-03-31,USD,LKR,315.31
2026-04-01,USD,LKR,314.15
2026-04-02,USD,LKR,314.86
2026-04-03,USD,LKR,314.72
2026-04-06,USD,LKR,314.84
2026-04-07,USD,LKR,315.41
2026-04-08,USD,LKR,315.08
2026-04-09,USD,LKR,315.19
2026-04-10,USD,LKR,315.37
2026-04-13,USD,LKR,315.52
2026-04-14,USD,LKR,315.22
2026-04-15,USD,LKR,315.41
2026-04-16,USD,LKR,315.63
2026-04-17,USD,LKR,315.67
2026-04-20,USD,LKR,316.44
2026-04-21,USD,LKR,315.64
2026-04-22,USD,LKR,316.43
2026-04-23,USD,LKR,316.71
2026-04-24,USD,LKR,317.37
2026-04-27,USD,LKR,317.28
2026-04-28,USD,LKR,319.34
2026-04-29,USD,LKR,318.61
2026-04-30,USD,LKR,318.94
2026-05-01,USD,LKR,318.99
2026-05-04,USD,LKR,320.32
2026-05-05,USD,LKR,318.68
2026-05-06,USD,LKR,319.45
2026-05-07,USD,LKR,319.86
2026-05-08,USD,LKR,321.96
2026-05-11,USD,LKR,320.87
2026-05-12,USD,LKR,322.96
2026-05-13,USD,LKR,324.5
2026-05-14,USD,LKR,325.46
2026-05-15,USD,LKR,326.28
2026-05-18,USD,LKR,328.38
2026-05-19,USD,LKR,330.29
2026-05-20,USD,LKR,333.35
2026-05-21,USD,LKR,341.15
2026-05-22,USD,LKR,334.42
2026-05-25,USD,LKR,330.28
2026-05-26,USD,LKR,324.01
2026-05-27,USD,LKR,325.92
2026-05-28,USD,LKR,326.96
2026-05-29,USD,LKR,327.97
2026-06-01,USD,LKR,329.8
2026-06-02,USD,LKR,330.71
2026-06-03,USD,LKR,332.92
2026-06-04,USD,LKR,334.16
2026-06-05,USD,LKR,334.74
2026-06-08,USD,LKR,335.46
2026-06-09,USD,LKR,337.56
2026-06-10,USD,LKR,331.07
2026-06-11,USD,LKR,331.73
2026-06-12,USD,LKR,333.63
2026-06-15,USD,LKR,332.14
2026-06-16,USD,LKR,332.12
2026-06-17,USD,LKR,333.0
2026-06-18,USD,LKR,334.04
2026-06-19,USD,LKR,333.69
2026-06-22,USD,LKR,334.27
2026-06-23,USD,LKR,334.04
2026-06-24,USD,LKR,334.83
2026-06-25,USD,LKR,335.6
2026-06-26,USD,LKR,335.25
2026-06-29,USD,LKR,337.09
2026-06-30,USD,LKR,336.94
2026-07-01,USD,LKR,336.88
2026-07-02,USD,LKR,337.02
2026-07-03,USD,LKR,334.34
2026-07-06,USD,LKR,333.99
2026-07-07,USD,LKR,334.21
2026-07-08,USD,LKR,334.26
2026-07-09,USD,LKR,334.83
2026-07-10,USD,LKR,335.19
2026-07-13,USD,LKR,334.74
2026-07-14,USD,LKR,337.09
2026-07-15,USD,LKR,337.4
2026-07-16,USD,LKR,337.25
2026-07-17,USD,LKR,337.01
2026-07-20,USD,LKR,337.12
2026-07-21,USD,LKR,337.15
2026-07-22,USD,LKR,337.46
2026-07-23,USD,LKR,335.35
2026-07-24,USD,LKR,335.44
2026-07-27,USD,LKR,335.03
2026-07-28,USD,LKR,337.17
2026-07-29,USD,LKR,336.84
2026-07-30,USD,LKR,334.8
2026-07-31,USD,LKR,334.47
2026-08-03,USD,LKR,334.38
2026-08-04,USD,LKR,336.36
2026-08-05,USD,LKR,335.03
2026-08-06,USD,LKR,334.87
2026-08-07,USD,LKR,334.82
2026-08-10,USD,LKR,334.75
2026-08-11,USD,LKR,335.88
2026-08-12,USD,LKR,333.72
2026-08-13,USD,LKR,333.15
